term,best_rank,worst_rank,median_rank,months_present,first_month,last_month,trend_ratio,is_category,months_on_list
valentines day gifts for her,8.0,52435.0,215.0,3,2025-01,2025-12,,False,2025-01;2025-02;2025-12
valentines day gifts for him,10.0,10986.0,47.0,3,2025-01,2025-12,,False,2025-01;2025-02;2025-12
school outfits for teachers,11.0,23594.0,2301.5,4,2025-07,2025-10,,False,2025-07;2025-08;2025-09;2025-10
easter basket stuffers,12.0,24122.0,399.5,4,2025-01,2025-04,,False,2025-01;2025-02;2025-03;2025-04
valentines day cards for kids school,24.0,117813.0,766.0,3,2025-01,2025-12,,False,2025-01;2025-02;2025-12
easter basket essentials,26.0,715.0,119.0,3,2025-02,2025-04,,False,2025-02;2025-03;2025-04
christmas gifts for grandkids,31.0,4048.0,409.0,4,2025-09,2025-12,,False,2025-09;2025-10;2025-11;2025-12
valentines day gifts for kids,33.0,105310.0,226.0,3,2025-01,2025-12,,False,2025-01;2025-02;2025-12
iphone 17 pro max screen protector,79.0,270.0,186.0,4,2025-09,2025-12,,False,2025-09;2025-10;2025-11;2025-12
heated rivalry,82.0,68395.0,3270.0,3,2025-10,2025-12,,False,2025-10;2025-11;2025-12
women beach fashion,90.0,16042.0,2963.0,4,2025-02,2025-05,,False,2025-02;2025-03;2025-04;2025-05
black friday deals 2025,111.0,26026.0,18603.0,3,2025-10,2025-12,,False,2025-10;2025-11;2025-12
charlie kirk,120.0,19615.0,5926.0,4,2025-09,2025-12,,False,2025-09;2025-10;2025-11;2025-12
modern farmhouse decor deals,122.0,2672.0,312.0,4,2025-08,2025-11,,False,2025-08;2025-09;2025-10;2025-11
st patricks day shirt women,125.0,191066.0,6562.5,4,2025-01,2025-12,,False,2025-01;2025-02;2025-03;2025-12
valentines day gifts,128.0,13325.0,250.0,3,2025-01,2025-12,,False,2025-01;2025-02;2025-12
charlie kirk books,129.0,16614.0,4795.5,4,2025-09,2025-12,,False,2025-09;2025-10;2025-11;2025-12
the age of disclosure,134.0,38603.0,1005.0,3,2025-10,2025-12,,False,2025-10;2025-11;2025-12
fourth of july deals,134.0,1838.0,516.0,3,2025-05,2025-07,,False,2025-05;2025-06;2025-07
playdate,138.0,5998.0,1071.0,3,2025-10,2025-12,,False,2025-10;2025-11;2025-12
trunk or treat car decorations kit,145.0,126133.0,10977.5,4,2025-07,2025-10,,False,2025-07;2025-08;2025-09;2025-10
couples halloween costumes 2025,159.0,169804.0,10190.5,4,2025-07,2025-10,,False,2025-07;2025-08;2025-09;2025-10
iphone 17 pro screen protector,172.0,424.0,273.5,4,2025-09,2025-12,,False,2025-09;2025-10;2025-11;2025-12
valentines candy,186.0,178460.0,26616.5,4,2025-01,2025-12,,False,2025-01;2025-02;2025-03;2025-12
easter egg fillers,195.0,88974.0,6573.5,4,2025-01,2025-04,,False,2025-01;2025-02;2025-03;2025-04
calcium multi balm stick,211.0,113021.0,33965.0,4,2025-09,2025-12,,False,2025-09;2025-10;2025-11;2025-12
tinnitus treatment,212.0,13911.0,2868.0,4,2025-01,2025-12,,False,2025-01;2025-04;2025-05;2025-12
tops for teachers,216.0,15090.0,796.0,3,2025-08,2025-10,,False,2025-08;2025-09;2025-10
charlie kirk t shirt,217.0,43190.0,14831.0,4,2025-09,2025-12,,False,2025-09;2025-10;2025-11;2025-12
thanksgiving tablecloth,223.0,94629.0,14629.5,4,2025-08,2025-11,,False,2025-08;2025-09;2025-10;2025-11
fathers day card,242.0,114689.0,28203.5,4,2025-04,2025-07,,False,2025-04;2025-05;2025-06;2025-07
the shooting of charlie kirk,249.0,249.0,249.0,1,2025-09,2025-09,,False,2025-09
comfiest airport outfits,249.0,18587.0,293.0,3,2025-09,2025-11,,False,2025-09;2025-10;2025-11
womens halloween costumes 2025,256.0,91329.0,13217.0,4,2025-07,2025-10,,False,2025-07;2025-08;2025-09;2025-10
super bowl,260.0,158099.0,52454.0,3,2025-01,2025-03,,False,2025-01;2025-02;2025-03
pumpkin carving kit,270.0,93637.0,35051.0,4,2025-08,2025-11,,False,2025-08;2025-09;2025-10;2025-11
fathers day gifts for husband,273.0,69286.0,1742.0,3,2025-04,2025-06,,False,2025-04;2025-05;2025-06
h2 molecular hydrogen,282.0,52538.0,3610.0,3,2025-05,2025-12,,False,2025-05;2025-11;2025-12
levis women jeans,290.0,2302.0,1367.5,4,2025-09,2025-12,,False,2025-09;2025-10;2025-11;2025-12
maxi dresses for seniors,300.0,3681.0,460.0,3,2025-05,2025-07,,False,2025-05;2025-06;2025-07
the mighty nein,304.0,110894.0,12058.5,4,2025-07,2025-12,,False,2025-07;2025-10;2025-11;2025-12
new years eve party supplies,319.0,131869.0,24676.0,3,2025-10,2025-12,,False,2025-10;2025-11;2025-12
blue methylene pharmaceutical grade,326.0,153454.0,784.0,4,2025-02,2025-07,,False,2025-02;2025-05;2025-06;2025-07
halloween costumes for men,331.0,185079.0,31606.5,4,2025-07,2025-10,,False,2025-07;2025-08;2025-09;2025-10
fall clothes deals,341.0,48884.0,7193.5,4,2025-08,2025-11,,False,2025-08;2025-09;2025-10;2025-11
wicked: for good,346.0,1959.0,1152.5,2,2025-11,2025-12,,False,2025-11;2025-12
spring break essentials,357.0,75426.0,4712.0,4,2025-02,2025-05,,False,2025-02;2025-03;2025-04;2025-05
st patricks day decorations,368.0,98962.0,3536.5,4,2025-01,2025-12,,False,2025-01;2025-02;2025-03;2025-12
airpods pro 3 case,370.0,759.0,534.0,4,2025-09,2025-12,,False,2025-09;2025-10;2025-11;2025-12
thanksgiving outfit women,371.0,189919.0,36387.0,4,2025-08,2025-11,,False,2025-08;2025-09;2025-10;2025-11
bee venom cream for skin,372.0,1282.0,827.0,2,2025-11,2025-12,,False,2025-11;2025-12
chocolate brown fall clothes,383.0,28446.0,738.0,4,2025-08,2025-11,,False,2025-08;2025-09;2025-10;2025-11
new years eve outfits women,383.0,195477.0,59028.5,4,2025-01,2025-12,,False,2025-01;2025-10;2025-11;2025-12
thanksgiving plates,386.0,124097.0,18613.5,4,2025-08,2025-11,,False,2025-08;2025-09;2025-10;2025-11
mens valentines day gifts,398.0,29419.0,3626.0,3,2025-01,2025-12,,False,2025-01;2025-02;2025-12
oh. what. fun.,401.0,24633.0,12517.0,2,2025-11,2025-12,,False,2025-11;2025-12
finding joy,409.0,46584.0,4864.0,3,2025-10,2025-12,,False,2025-10;2025-11;2025-12
charlie kirk shirt,419.0,78509.0,27773.5,4,2025-09,2025-12,,False,2025-09;2025-10;2025-11;2025-12
nail repair patches,420.0,420.0,420.0,1,2025-12,2025-12,,False,2025-12
nmn supplements 1000mg,422.0,917.0,669.5,2,2025-11,2025-12,,False,2025-11;2025-12
halloween candy bulk,422.0,140410.0,25548.0,4,2025-08,2025-11,,False,2025-08;2025-09;2025-10;2025-11
h2vida hydrogen tablets,431.0,190751.0,687.0,3,2025-08,2025-10,,False,2025-08;2025-09;2025-10
rompers for seniors,447.0,161110.0,3693.0,4,2025-05,2025-10,,False,2025-05;2025-06;2025-07;2025-10
holland nicole kidman,453.0,164717.0,4389.0,4,2025-03,2025-06,,False,2025-03;2025-04;2025-05;2025-06
apple watch series 11,462.0,2570.0,882.5,4,2025-09,2025-12,,False,2025-09;2025-10;2025-11;2025-12
all her fault,462.0,1029.0,745.5,2,2025-11,2025-12,,False,2025-11;2025-12
glp-1 supplement,488.0,1312.0,900.0,2,2025-11,2025-12,,False,2025-11;2025-12
valentines,497.0,20460.0,670.0,3,2025-01,2025-12,,False,2025-01;2025-02;2025-12
dog halloween costumes,502.0,50875.0,6400.5,4,2025-07,2025-10,,False,2025-07;2025-08;2025-09;2025-10
instant lift patch for legs,505.0,61928.0,15729.0,4,2025-06,2025-09,,False,2025-06;2025-07;2025-08;2025-09
skeletons for halloween,507.0,83920.0,9590.0,4,2025-08,2025-11,,False,2025-08;2025-09;2025-10;2025-11
rompers for mom,523.0,10089.0,646.0,3,2025-06,2025-08,,False,2025-06;2025-07;2025-08
galentines day decorations,525.0,16167.0,707.0,3,2025-01,2025-12,,False,2025-01;2025-02;2025-12
st patricks day accessories,539.0,40583.0,3108.0,3,2025-01,2025-03,,False,2025-01;2025-02;2025-03
disfraz de halloween para mujeres,551.0,118011.0,30402.0,4,2025-08,2025-11,,False,2025-08;2025-09;2025-10;2025-11
b0chwrxh8b,557.0,1383.0,970.0,2,2025-11,2025-12,,False,2025-11;2025-12
iphone 17 screen protector,559.0,1004.0,729.5,4,2025-09,2025-12,,False,2025-09;2025-10;2025-11;2025-12
fathers day,569.0,101998.0,5346.0,3,2025-04,2025-06,,False,2025-04;2025-05;2025-06
prefilled easter eggs,588.0,154856.0,10109.5,4,2025-01,2025-04,,False,2025-01;2025-02;2025-03;2025-04
calm drink mix,600.0,600.0,600.0,1,2025-12,2025-12,,False,2025-12
pottery barn fall decor,601.0,9609.0,3240.0,4,2025-07,2025-10,,False,2025-07;2025-08;2025-09;2025-10
valentines cards for kids classroom,640.0,1901.0,1270.5,2,2025-01,2025-02,,False,2025-01;2025-02
father's day gifts,653.0,84163.0,4285.0,3,2025-04,2025-06,,False,2025-04;2025-05;2025-06
kava drops,655.0,3982.0,2409.0,4,2025-06,2025-12,,False,2025-06;2025-08;2025-09;2025-12
white elephant christmas gifts,663.0,78309.0,22305.0,4,2025-09,2025-12,,False,2025-09;2025-10;2025-11;2025-12
varicose veins treatment,670.0,39009.0,19839.5,2,2025-04,2025-05,,False,2025-04;2025-05
capris for seniors,675.0,12793.0,6734.0,2,2025-05,2025-06,,False,2025-05;2025-06
valentines day decor,682.0,16856.0,8125.0,3,2025-01,2025-12,,False,2025-01;2025-02;2025-12
luxury outfits for women,699.0,104419.0,52559.0,2,2025-11,2025-12,,False,2025-11;2025-12
turbotax 2024 deluxe,712.0,2503.0,1005.5,4,2025-01,2025-04,,False,2025-01;2025-02;2025-03;2025-04
a quite place,733.0,2108.0,1420.5,2,2025-01,2025-02,,False,2025-01;2025-02
roofman,735.0,23756.0,2778.0,3,2025-10,2025-12,,False,2025-10;2025-11;2025-12
spring tops deals,740.0,121773.0,4744.0,3,2025-03,2025-06,,False,2025-03;2025-05;2025-06
valentines day gifts for kids classroom,742.0,5256.0,2999.0,2,2025-01,2025-02,,False,2025-01;2025-02
thanksgiving shirts for women,742.0,109627.0,20831.0,4,2025-08,2025-11,,False,2025-08;2025-09;2025-10;2025-11
halloween treat bags,743.0,191671.0,19690.0,4,2025-07,2025-10,,False,2025-07;2025-08;2025-09;2025-10
christmas outfits for women,747.0,86682.0,9184.0,4,2025-09,2025-12,,False,2025-09;2025-10;2025-11;2025-12
mothers day gifts for wife,750.0,5316.0,3033.0,2,2025-04,2025-05,,False,2025-04;2025-05
nmn supplement 1000mg,755.0,755.0,755.0,1,2025-12,2025-12,,False,2025-12
easter basket stuffers for teens,766.0,37694.0,4356.0,3,2025-02,2025-04,,False,2025-02;2025-03;2025-04
freedom shirt,766.0,60392.0,23432.0,4,2025-09,2025-12,,False,2025-09;2025-10;2025-11;2025-12
a charlie brown christmas,781.0,195581.0,33949.0,4,2025-01,2025-12,,False,2025-01;2025-10;2025-11;2025-12
nobody's girl virginia giuffre,784.0,17369.0,6475.0,4,2025-09,2025-12,,False,2025-09;2025-10;2025-11;2025-12
gifts for people with dementia,800.0,51007.0,2574.0,3,2025-10,2025-12,,False,2025-10;2025-11;2025-12
new years decorations 2026,813.0,42821.0,21817.0,2,2025-11,2025-12,,False,2025-11;2025-12
nadh supplement,815.0,1795.0,1305.0,2,2025-08,2025-09,,False,2025-08;2025-09
kids magnesium drops,821.0,1515.0,1168.0,2,2025-11,2025-12,,False,2025-11;2025-12
one battle after another,832.0,27744.0,3658.5,4,2025-09,2025-12,,False,2025-09;2025-10;2025-11;2025-12
garden hose 75ft,833.0,66359.0,8998.0,4,2025-04,2025-07,,False,2025-04;2025-05;2025-06;2025-07
nmn resveratrol,861.0,60106.0,2180.0,3,2025-07,2025-09,,False,2025-07;2025-08;2025-09
toddler halloween costume,864.0,102905.0,10987.5,4,2025-07,2025-10,,False,2025-07;2025-08;2025-09;2025-10
black hair soap bar,869.0,28967.0,8496.5,4,2025-07,2025-12,,False,2025-07;2025-10;2025-11;2025-12
iron drops for women,872.0,872.0,872.0,1,2025-01,2025-01,,False,2025-01
plastic easter eggs,882.0,168993.0,21194.5,4,2025-01,2025-04,,False,2025-01;2025-02;2025-03;2025-04
mens halloween costumes for 2025,898.0,84601.0,16878.0,3,2025-08,2025-10,,False,2025-08;2025-09;2025-10
plus size halloween costumes woman 2025,904.0,110809.0,13916.0,4,2025-07,2025-10,,False,2025-07;2025-08;2025-09;2025-10
merv,917.0,41928.0,21422.5,2,2025-11,2025-12,,False,2025-11;2025-12
girls halloween costume,930.0,35642.0,4826.0,3,2025-08,2025-10,,False,2025-08;2025-09;2025-10
salmon dna ampoule,933.0,69615.0,64254.0,3,2025-06,2025-12,,False,2025-06;2025-11;2025-12
keto acv gummies advanced weight loss,938.0,181408.0,1753.5,4,2025-01,2025-04,,False,2025-01;2025-02;2025-03;2025-04
maintenance required,939.0,78491.0,20506.5,4,2025-09,2025-12,,False,2025-09;2025-10;2025-11;2025-12
nurse appreciation gifts,956.0,35970.0,18463.0,2,2025-04,2025-05,,False,2025-04;2025-05
iphone air case,957.0,3567.0,2704.5,4,2025-09,2025-12,,False,2025-09;2025-10;2025-11;2025-12
adult halloween costumes woman,963.0,32055.0,6423.0,3,2025-08,2025-10,,False,2025-08;2025-09;2025-10
easter dress,976.0,157490.0,15604.0,4,2025-01,2025-04,,False,2025-01;2025-02;2025-03;2025-04
pijamas de navidad para familia,979.0,74204.0,10402.5,4,2025-09,2025-12,,False,2025-09;2025-10;2025-11;2025-12
boys halloween costume,981.0,53581.0,6469.0,3,2025-08,2025-10,,False,2025-08;2025-09;2025-10
freedom shirt charlie kirk,990.0,22615.0,9364.5,4,2025-09,2025-12,,False,2025-09;2025-10;2025-11;2025-12
advanced hair regrowth,993.0,993.0,993.0,1,2025-09,2025-09,,False,2025-09
holiday dresses for women,996.0,101852.0,9846.0,4,2025-09,2025-12,,False,2025-09;2025-10;2025-11;2025-12
mother's day gifts,1003.0,133282.0,36248.0,4,2025-02,2025-05,,False,2025-02;2025-03;2025-04;2025-05
laptops on sale clearance 2024,1004.0,122150.0,21813.0,4,2025-01,2025-04,,False,2025-01;2025-02;2025-03;2025-04
easter baskets,1010.0,99210.0,8618.5,4,2025-01,2025-04,,False,2025-01;2025-02;2025-03;2025-04
pluribus,1019.0,1028.0,1023.5,2,2025-11,2025-12,,False,2025-11;2025-12
glass bear cup,1023.0,49401.0,25212.0,2,2025-11,2025-12,,False,2025-11;2025-12
halloween costume,1027.0,85606.0,15589.0,4,2025-07,2025-10,,False,2025-07;2025-08;2025-09;2025-10
purple hair spray,1030.0,138735.0,25474.0,4,2025-08,2025-11,,False,2025-08;2025-09;2025-10;2025-11
fall jackets,1031.0,53415.0,5166.5,4,2025-08,2025-11,,False,2025-08;2025-09;2025-10;2025-11
prisoner costume men,1034.0,26186.0,13610.0,2,2025-09,2025-10,,False,2025-09;2025-10
statement holiday dress women,1036.0,85616.0,43326.0,2,2025-10,2025-11,,False,2025-10;2025-11
welcome to derry it,1047.0,6704.0,3875.5,2,2025-11,2025-12,,False,2025-11;2025-12
morticia addams costume,1061.0,135492.0,7888.5,4,2025-07,2025-10,,False,2025-07;2025-08;2025-09;2025-10
valentines day candy,1070.0,176520.0,57016.0,4,2025-01,2025-12,,False,2025-01;2025-02;2025-03;2025-12
halloween costumes for women,1099.0,95686.0,18337.5,4,2025-07,2025-10,,False,2025-07;2025-08;2025-09;2025-10
rakhi for brother,1122.0,99601.0,1998.0,3,2025-06,2025-08,,False,2025-06;2025-07;2025-08
halloween goodie bags,1136.0,56577.0,7442.0,3,2025-08,2025-10,,False,2025-08;2025-09;2025-10
thanksgiving napkins,1148.0,65146.0,12685.0,3,2025-09,2025-11,,False,2025-09;2025-10;2025-11
christmas gifts for teens,1175.0,3483.0,2198.0,4,2025-09,2025-12,,False,2025-09;2025-10;2025-11;2025-12
17 pro max case,1178.0,1476.0,1352.5,4,2025-09,2025-12,,False,2025-09;2025-10;2025-11;2025-12
easter tablecloth,1180.0,86604.0,13332.5,4,2025-01,2025-04,,False,2025-01;2025-02;2025-03;2025-04
stop in the name of god charlie kirk,1182.0,160613.0,37511.0,4,2025-09,2025-12,,False,2025-09;2025-10;2025-11;2025-12
women halloween costumes adult,1191.0,193795.0,31687.0,4,2025-07,2025-10,,False,2025-07;2025-08;2025-09;2025-10
anthropology fall decor,1192.0,43202.0,2183.0,3,2025-08,2025-10,,False,2025-08;2025-09;2025-10
tell me softly,1195.0,172559.0,86877.0,2,2025-11,2025-12,,False,2025-11;2025-12
tinnitus relief patch,1197.0,24332.0,6070.5,4,2025-09,2025-12,,False,2025-09;2025-10;2025-11;2025-12
diwali decorations for home,1198.0,53084.0,10552.0,3,2025-08,2025-10,,False,2025-08;2025-09;2025-10
valentine candy,1212.0,166193.0,3257.0,3,2025-01,2025-12,,False,2025-01;2025-02;2025-12
tiffany & co.,1223.0,179321.0,21384.5,4,2025-01,2025-07,,False,2025-01;2025-05;2025-06;2025-07
boo basket stuffers,1223.0,32952.0,2451.0,3,2025-08,2025-10,,False,2025-08;2025-09;2025-10
ergothioneine,1238.0,1238.0,1238.0,1,2025-12,2025-12,,False,2025-12
charlie kirk merch,1244.0,138187.0,69152.0,4,2025-09,2025-12,,False,2025-09;2025-10;2025-11;2025-12
1929 andrew ross sorkin,1253.0,64696.0,5397.0,4,2025-09,2025-12,,False,2025-09;2025-10;2025-11;2025-12
daphne costume women,1260.0,128004.0,30698.5,4,2025-07,2025-10,,False,2025-07;2025-08;2025-09;2025-10
anti yeast drops for dogs,1273.0,1273.0,1273.0,1,2025-12,2025-12,,False,2025-12
halloween pajamas women,1274.0,33739.0,7192.0,4,2025-07,2025-10,,False,2025-07;2025-08;2025-09;2025-10
fall dress deals,1310.0,38896.0,11272.0,4,2025-08,2025-11,,False,2025-08;2025-09;2025-10;2025-11
easter eggs filled,1312.0,30747.0,4401.0,3,2025-02,2025-04,,False,2025-02;2025-03;2025-04
fourth of july outfit women,1316.0,115707.0,17541.5,4,2025-04,2025-07,,False,2025-04;2025-05;2025-06;2025-07
coach handbags on sale,1329.0,2411.0,2245.0,4,2025-09,2025-12,,False,2025-09;2025-10;2025-11;2025-12
best boho chic decor,1358.0,7394.0,2167.0,3,2025-08,2025-10,,False,2025-08;2025-09;2025-10
john candy,1359.0,42554.0,13652.0,4,2025-09,2025-12,,False,2025-09;2025-10;2025-11;2025-12
val kilmer,1359.0,141921.0,51395.0,3,2025-04,2025-06,,False,2025-04;2025-05;2025-06
self-adhesive false eyelashes,1362.0,42340.0,25694.0,3,2025-01,2025-04,,False,2025-01;2025-02;2025-04
bear cup,1368.0,31631.0,16499.5,2,2025-11,2025-12,,False,2025-11;2025-12
dorm organizers and storage,1375.0,71300.0,36337.5,2,2025-08,2025-09,,False,2025-08;2025-09
ugly sweater,1384.0,74888.0,10601.5,4,2025-09,2025-12,,False,2025-09;2025-10;2025-11;2025-12
fall boots for women,1386.0,174015.0,34741.0,4,2025-08,2025-11,,False,2025-08;2025-09;2025-10;2025-11
cop costume women,1399.0,121628.0,39596.0,4,2025-07,2025-10,,False,2025-07;2025-08;2025-09;2025-10
halloween costumes for girls,1400.0,91706.0,14400.0,4,2025-07,2025-10,,False,2025-07;2025-08;2025-09;2025-10
men stocking stuffers,1401.0,70680.0,5311.0,3,2025-10,2025-12,,False,2025-10;2025-11;2025-12
kids valentines day gifts for school,1401.0,4076.0,2738.5,2,2025-01,2025-02,,False,2025-01;2025-02
couples costumes,1412.0,154690.0,35855.5,4,2025-07,2025-10,,False,2025-07;2025-08;2025-09;2025-10
freddy krueger costume,1429.0,129683.0,30326.5,4,2025-07,2025-10,,False,2025-07;2025-08;2025-09;2025-10
funny halloween costumes,1430.0,51054.0,8325.0,3,2025-08,2025-10,,False,2025-08;2025-09;2025-10
wednesday addams costume girls,1433.0,11295.0,6364.0,2,2025-09,2025-10,,False,2025-09;2025-10
gifts for people who are always cold,1437.0,14156.0,7796.5,2,2025-11,2025-12,,False,2025-11;2025-12
milk thistle drops,1444.0,15091.0,7387.5,4,2025-07,2025-10,,False,2025-07;2025-08;2025-09;2025-10
superbowl party decorations 2025,1457.0,4246.0,2851.5,2,2025-01,2025-02,,False,2025-01;2025-02
friendsgiving party decorations,1463.0,85807.0,7875.0,3,2025-09,2025-11,,False,2025-09;2025-10;2025-11
wormwood tincture,1467.0,70241.0,8243.5,4,2025-09,2025-12,,False,2025-09;2025-10;2025-11;2025-12
velma costume women,1468.0,116052.0,28835.0,4,2025-07,2025-10,,False,2025-07;2025-08;2025-09;2025-10
chucky costume women,1493.0,86353.0,15309.0,3,2025-08,2025-10,,False,2025-08;2025-09;2025-10
it: welcome to derry,1499.0,13388.0,1841.0,3,2025-10,2025-12,,False,2025-10;2025-11;2025-12
linen clothes,1502.0,31070.0,3320.0,4,2025-05,2025-08,,False,2025-05;2025-06;2025-07;2025-08
yeast infection drops for dogs,1504.0,1504.0,1504.0,1,2025-12,2025-12,,False,2025-12
rose viboators toys,1507.0,2770.0,2138.5,2,2025-01,2025-02,,False,2025-01;2025-02
gifts for people who love baking,1513.0,153052.0,77282.5,2,2025-11,2025-12,,False,2025-11;2025-12
mothers day gift,1516.0,128569.0,56700.5,4,2025-03,2025-06,,False,2025-03;2025-04;2025-05;2025-06
louis vuitton pochette,1523.0,24150.0,9462.0,4,2025-08,2025-12,,False,2025-08;2025-10;2025-11;2025-12
4th of july shirts for men,1525.0,38113.0,10341.0,3,2025-05,2025-07,,False,2025-05;2025-06;2025-07
the conjuring: last rites,1529.0,9657.0,2929.0,4,2025-09,2025-12,,False,2025-09;2025-10;2025-11;2025-12
stocking stuffers for boys,1546.0,171198.0,22988.0,4,2025-09,2025-12,,False,2025-09;2025-10;2025-11;2025-12
heart sweater for women,1548.0,84426.0,1980.0,3,2025-01,2025-12,,False,2025-01;2025-02;2025-12
iphone 17 pro,1548.0,2822.0,2141.0,4,2025-09,2025-12,,False,2025-09;2025-10;2025-11;2025-12
thanksgiving table decor,1556.0,198813.0,39819.0,4,2025-08,2025-11,,False,2025-08;2025-09;2025-10;2025-11
fall boots deals,1559.0,59973.0,4068.0,3,2025-08,2025-10,,False,2025-08;2025-09;2025-10
the map that leads you,1568.0,67026.0,34297.0,2,2025-07,2025-08,,False,2025-07;2025-08
bakuchiol plumping serum,1572.0,123590.0,62581.0,2,2025-07,2025-08,,False,2025-07;2025-08
womens christmas pajamas,1576.0,95013.0,12242.5,4,2025-09,2025-12,,False,2025-09;2025-10;2025-11;2025-12
100 days of school,1587.0,9478.0,5532.5,2,2025-01,2025-02,,False,2025-01;2025-02
charlie kirk freedom shirt,1597.0,65384.0,31942.5,4,2025-09,2025-12,,False,2025-09;2025-10;2025-11;2025-12
minion costume adult,1615.0,145599.0,14912.0,3,2025-08,2025-10,,False,2025-08;2025-09;2025-10
christmas garage,1623.0,124760.0,63191.5,2,2025-11,2025-12,,False,2025-11;2025-12
new years eve dress women,1627.0,188417.0,64873.0,4,2025-09,2025-12,,False,2025-09;2025-10;2025-11;2025-12
lightweight tops & blouses,1629.0,157620.0,8861.0,3,2025-04,2025-06,,False,2025-04;2025-05;2025-06
original sin jake tapper,1641.0,147379.0,46359.5,4,2025-04,2025-07,,False,2025-04;2025-05;2025-06;2025-07
new years eve party supplies 2026,1650.0,77034.0,39342.0,2,2025-11,2025-12,,False,2025-11;2025-12
mothers day gifts for grandma,1659.0,9669.0,5664.0,2,2025-04,2025-05,,False,2025-04;2025-05
turkey brine kit,1670.0,33386.0,31108.0,3,2025-10,2025-12,,False,2025-10;2025-11;2025-12
ralph lauren christmas decor,1689.0,15379.0,7038.0,3,2025-10,2025-12,,False,2025-10;2025-11;2025-12
christmas sprinkles,1691.0,129332.0,22399.0,4,2025-09,2025-12,,False,2025-09;2025-10;2025-11;2025-12
christmas lego sets,1704.0,76904.0,9563.0,4,2025-09,2025-12,,False,2025-09;2025-10;2025-11;2025-12
collagen peptides powder for women,1711.0,28453.0,27951.0,3,2025-01,2025-03,,False,2025-01;2025-02;2025-03
juneteenth shirts women,1717.0,110238.0,12317.0,3,2025-04,2025-06,,False,2025-04;2025-05;2025-06
wrapping paper christmas,1720.0,79206.0,13837.0,4,2025-09,2025-12,,False,2025-09;2025-10;2025-11;2025-12
cinco de mayo decorations,1741.0,91702.0,20039.5,4,2025-02,2025-05,,False,2025-02;2025-03;2025-04;2025-05
apple watch ultra 3,1746.0,4044.0,3980.5,4,2025-09,2025-12,,False,2025-09;2025-10;2025-11;2025-12
denim jeans,1752.0,170674.0,157734.0,3,2025-09,2025-11,,False,2025-09;2025-10;2025-11
the grinch who stole christmas moviesa,1753.0,162927.0,40898.0,4,2025-01,2025-04,,False,2025-01;2025-02;2025-03;2025-04
valentines day,1758.0,13948.0,1995.0,3,2025-01,2025-12,,False,2025-01;2025-02;2025-12
kids halloween costumes,1759.0,157656.0,17761.0,4,2025-07,2025-10,,False,2025-07;2025-08;2025-09;2025-10
ginseng essence anti wrinkle essence,1761.0,64862.0,48581.0,3,2025-06,2025-08,,False,2025-06;2025-07;2025-08
100 days of school shirt,1767.0,149649.0,2465.0,3,2025-01,2025-12,,False,2025-01;2025-02;2025-12
early christmas gift ideas,1768.0,37640.0,6269.0,3,2025-09,2025-11,,False,2025-09;2025-10;2025-11
play date,1773.0,14326.0,9171.0,3,2025-10,2025-12,,False,2025-10;2025-11;2025-12
cheetah ears,1788.0,139951.0,35050.0,3,2025-08,2025-10,,False,2025-08;2025-09;2025-10
halloween makeup,1791.0,71784.0,15212.0,3,2025-08,2025-10,,False,2025-08;2025-09;2025-10
stocking holder,1799.0,143046.0,16754.0,4,2025-09,2025-12,,False,2025-09;2025-10;2025-11;2025-12
nike clothes for women,1808.0,33183.0,19448.5,4,2025-09,2025-12,,False,2025-09;2025-10;2025-11;2025-12
after the hunt,1808.0,5146.0,3477.0,2,2025-11,2025-12,,False,2025-11;2025-12
coraline costume,1815.0,120087.0,25766.5,4,2025-07,2025-10,,False,2025-07;2025-08;2025-09;2025-10
boho summer dresses 2025,1834.0,72766.0,14515.5,4,2025-06,2025-09,,False,2025-06;2025-07;2025-08;2025-09
galentines gifts,1845.0,3221.0,2533.0,2,2025-01,2025-02,,False,2025-01;2025-02
plus size women blouses,1846.0,86888.0,12245.5,4,2025-06,2025-10,,False,2025-06;2025-07;2025-09;2025-10
the chrisleys: back to reality,1849.0,152858.0,36304.0,3,2025-09,2025-11,,False,2025-09;2025-10;2025-11
regretting you movie,1850.0,27878.0,14864.0,2,2025-11,2025-12,,False,2025-11;2025-12
summer tops for seniors,1864.0,1864.0,1864.0,1,2025-05,2025-05,,False,2025-05
christmas sweater men,1865.0,65291.0,7372.0,3,2025-10,2025-12,,False,2025-10;2025-11;2025-12
christmas music,1880.0,123282.0,21729.0,4,2025-09,2025-12,,False,2025-09;2025-10;2025-11;2025-12
women's uggs,1885.0,55498.0,3512.0,3,2025-10,2025-12,,False,2025-10;2025-11;2025-12
bear cup with straw,1888.0,52236.0,27062.0,2,2025-11,2025-12,,False,2025-11;2025-12
dorm essentials for guys,1890.0,32254.0,6379.0,4,2025-05,2025-08,,False,2025-05;2025-06;2025-07;2025-08
little red riding hood costume adult,1897.0,96303.0,16372.0,3,2025-08,2025-10,,False,2025-08;2025-09;2025-10
christmas sweatshirt,1898.0,129265.0,18121.0,4,2025-09,2025-12,,False,2025-09;2025-10;2025-11;2025-12
christmas earrings for women,1900.0,130502.0,17543.5,4,2025-09,2025-12,,True,2025-09;2025-10;2025-11;2025-12
hanukkah candles,1901.0,151860.0,39050.0,4,2025-01,2025-12,,False,2025-01;2025-10;2025-11;2025-12
princess peach costume adult,1904.0,184574.0,32075.0,4,2025-08,2025-11,,False,2025-08;2025-09;2025-10;2025-11
mens stocking stuffers 2025,1905.0,67653.0,8095.0,3,2025-10,2025-12,,False,2025-10;2025-11;2025-12
colored pencils 12 count,1922.0,167413.0,25698.5,4,2025-06,2025-09,,False,2025-06;2025-07;2025-08;2025-09
five nights at freddy's 2,1927.0,1927.0,1927.0,1,2025-12,2025-12,,False,2025-12
mens christmas gifts,1936.0,92802.0,12569.5,4,2025-09,2025-12,,False,2025-09;2025-10;2025-11;2025-12
leprechaun trap,1944.0,11684.0,6814.0,2,2025-02,2025-03,,False,2025-02;2025-03
toddler stocking stuffers,1957.0,113774.0,13574.0,4,2025-09,2025-12,,False,2025-09;2025-10;2025-11;2025-12
freedom t shirt,1967.0,190552.0,79756.5,4,2025-09,2025-12,,False,2025-09;2025-10;2025-11;2025-12
miracle on 34th street,1975.0,6840.0,4407.5,2,2025-11,2025-12,,False,2025-11;2025-12
arbutin cream,1988.0,183564.0,56214.5,4,2025-09,2025-12,,False,2025-09;2025-10;2025-11;2025-12
wednesday addams costume women,1990.0,75215.0,9272.0,3,2025-08,2025-10,,False,2025-08;2025-09;2025-10
women jeans deals,1993.0,33551.0,17772.0,2,2025-09,2025-10,,False,2025-09;2025-10
the couple nextdoor,1994.0,7308.0,4651.0,2,2025-01,2025-02,,False,2025-01;2025-02
halloween shirt,1995.0,71929.0,15028.0,4,2025-07,2025-10,,False,2025-07;2025-08;2025-09;2025-10
valentines sweater women,1996.0,103732.0,2670.0,3,2025-01,2025-12,,False,2025-01;2025-02;2025-12
fantasy football draft board 2025,2004.0,13918.0,7961.0,2,2025-07,2025-08,,False,2025-07;2025-08
valentines day cards,2028.0,80026.0,4301.0,3,2025-01,2025-12,,False,2025-01;2025-02;2025-12
159 capsules,2036.0,2036.0,2036.0,1,2025-09,2025-09,,False,2025-09
oscillococcinum flu medicine,2037.0,26181.0,6063.0,3,2025-01,2025-03,,False,2025-01;2025-02;2025-03
mothers day gifts for daughter,2042.0,9300.0,5671.0,2,2025-04,2025-05,,False,2025-04;2025-05
embroidery stitch book,2050.0,65381.0,21764.0,3,2025-10,2025-12,,False,2025-10;2025-11;2025-12
scary halloween costumes,2051.0,135654.0,21565.0,4,2025-07,2025-10,,False,2025-07;2025-08;2025-09;2025-10
chocolate advent calendar 2025,2052.0,45391.0,10800.5,4,2025-09,2025-12,,False,2025-09;2025-10;2025-11;2025-12
easter baskets for kids,2058.0,29957.0,8267.0,3,2025-02,2025-04,,False,2025-02;2025-03;2025-04
cute white elephant christmas gifts,2059.0,116837.0,71170.0,4,2025-09,2025-12,,False,2025-09;2025-10;2025-11;2025-12
ricky bobby costume,2059.0,101098.0,20635.0,3,2025-08,2025-10,,False,2025-08;2025-09;2025-10
womens christmas sweater,2065.0,44863.0,6012.0,3,2025-10,2025-12,,False,2025-10;2025-11;2025-12
liver cleanse drops,2067.0,2067.0,2067.0,1,2025-09,2025-09,,False,2025-09
slimming dress,2068.0,31194.0,4817.0,4,2025-08,2025-11,,False,2025-08;2025-09;2025-10;2025-11
gifts for golfers,2070.0,24339.0,5653.0,3,2025-10,2025-12,,False,2025-10;2025-11;2025-12
apple airpods pro 3,2072.0,3633.0,3272.0,4,2025-09,2025-12,,False,2025-09;2025-10;2025-11;2025-12
easter gifts for kids,2080.0,174489.0,16648.5,4,2025-01,2025-04,,False,2025-01;2025-02;2025-03;2025-04
mom christmas gifts,2124.0,72940.0,6071.0,3,2025-10,2025-12,,False,2025-10;2025-11;2025-12
cat woman costume outfit for women,2137.0,79722.0,25150.5,4,2025-07,2025-10,,False,2025-07;2025-08;2025-09;2025-10
halloween sweaters for women,2143.0,106790.0,13532.0,4,2025-07,2025-10,,False,2025-07;2025-08;2025-09;2025-10
pop culture jepordy,2154.0,187936.0,2663.0,3,2025-01,2025-03,,False,2025-01;2025-02;2025-03
prefilled easter eggs with toys,2154.0,33797.0,4600.0,3,2025-02,2025-04,,False,2025-02;2025-03;2025-04
skeleton costume women,2156.0,164762.0,20784.0,3,2025-08,2025-10,,False,2025-08;2025-09;2025-10
freddy krueger costume women,2168.0,76727.0,15363.0,3,2025-08,2025-10,,False,2025-08;2025-09;2025-10
skylight calendars,2172.0,125111.0,8318.0,3,2025-08,2025-10,,False,2025-08;2025-09;2025-10
valentines day gifts for women,2173.0,2742.0,2457.5,2,2025-01,2025-02,,False,2025-01;2025-02
chespirito: not really on purpose,2177.0,160127.0,14010.0,4,2025-06,2025-09,,False,2025-06;2025-07;2025-08;2025-09
best selling fall wedding guest dress,2190.0,15603.0,14366.0,3,2025-09,2025-11,,False,2025-09;2025-10;2025-11
halloween earrings,2191.0,75949.0,12148.0,4,2025-07,2025-10,,True,2025-07;2025-08;2025-09;2025-10
mario costume adult,2193.0,107650.0,17597.0,3,2025-08,2025-10,,False,2025-08;2025-09;2025-10
black fridays deals today,2200.0,2200.0,2200.0,1,2025-11,2025-11,,False,2025-11
halloween treats,2219.0,73727.0,10803.0,3,2025-08,2025-10,,False,2025-08;2025-09;2025-10
black cherry owala,2225.0,16312.0,4850.0,3,2025-10,2025-12,,False,2025-10;2025-11;2025-12
kids magnesium liquid,2234.0,12676.0,3607.5,4,2025-08,2025-11,,False,2025-08;2025-09;2025-10;2025-11
christmas card,2235.0,95460.0,54690.5,4,2025-01,2025-12,,False,2025-01;2025-10;2025-11;2025-12
easter bunny costume adult,2236.0,76277.0,15518.0,4,2025-01,2025-04,,False,2025-01;2025-02;2025-03;2025-04
zoey kpop demon hunters costume,2250.0,168517.0,21911.5,4,2025-08,2025-11,,False,2025-08;2025-09;2025-10;2025-11
turkey injector,2253.0,105688.0,46671.0,3,2025-10,2025-12,,False,2025-10;2025-11;2025-12
welcome to derry.,2254.0,78095.0,75501.0,3,2025-10,2025-12,,False,2025-10;2025-11;2025-12
die hard (4k uhd),2257.0,90637.0,81848.0,3,2025-01,2025-12,,False,2025-01;2025-11;2025-12
sleds for snow,2259.0,195394.0,53555.0,4,2025-01,2025-12,,False,2025-01;2025-02;2025-03;2025-12
aquarium heaters,2260.0,38374.0,12327.0,4,2025-09,2025-12,,False,2025-09;2025-10;2025-11;2025-12
valentines cards,2264.0,5376.0,3820.0,2,2025-01,2025-02,,False,2025-01;2025-02
turbotax 2024 premier,2271.0,17076.0,5136.0,4,2025-01,2025-04,,False,2025-01;2025-02;2025-03;2025-04
st patricks day shirt,2271.0,141043.0,13302.0,3,2025-01,2025-03,,False,2025-01;2025-02;2025-03
both eyes open,2277.0,118139.0,30379.5,4,2025-04,2025-07,,False,2025-04;2025-05;2025-06;2025-07
halloween basket,2284.0,169331.0,20241.5,4,2025-07,2025-10,,False,2025-07;2025-08;2025-09;2025-10
top gadgets for bakers,2289.0,15912.0,9100.5,2,2025-10,2025-11,,False,2025-10;2025-11
woody costume adult,2290.0,198317.0,40696.0,4,2025-07,2025-10,,False,2025-07;2025-08;2025-09;2025-10
fathers day gift,2292.0,14594.0,8443.0,2,2025-05,2025-06,,False,2025-05;2025-06
breast cancer awareness shirt,2297.0,93637.0,7732.0,3,2025-08,2025-10,,False,2025-08;2025-09;2025-10
wired headphones for school,2297.0,26427.0,22180.0,3,2025-07,2025-09,,False,2025-07;2025-08;2025-09
elf on the shelf kit,2303.0,62684.0,12322.0,4,2025-09,2025-12,,False,2025-09;2025-10;2025-11;2025-12
boston blue,2322.0,4388.0,2568.0,3,2025-10,2025-12,,False,2025-10;2025-11;2025-12
mardi gras shirts for women,2328.0,118656.0,21182.0,4,2025-01,2025-12,,False,2025-01;2025-02;2025-03;2025-12
fall deals,2331.0,43390.0,12114.0,4,2025-07,2025-10,,False,2025-07;2025-08;2025-09;2025-10
halloween pajamas,2332.0,56364.0,10527.0,4,2025-07,2025-10,,False,2025-07;2025-08;2025-09;2025-10
valentines decor,2332.0,17572.0,7164.0,3,2025-01,2025-12,,False,2025-01;2025-02;2025-12
grandma mothers day gift,2342.0,21360.0,11851.0,2,2025-04,2025-05,,False,2025-04;2025-05
macerator pump,2357.0,8434.0,5958.0,3,2025-01,2025-03,,False,2025-01;2025-02;2025-03
airpod pro 3 case,2364.0,6264.0,3822.5,4,2025-09,2025-12,,False,2025-09;2025-10;2025-11;2025-12
halloween cookie cutters,2365.0,104976.0,15866.5,4,2025-07,2025-10,,False,2025-07;2025-08;2025-09;2025-10
easter egg stuffers,2376.0,47556.0,6870.0,3,2025-02,2025-04,,False,2025-02;2025-03;2025-04
easter outfit women,2379.0,87063.0,12868.0,3,2025-02,2025-04,,False,2025-02;2025-03;2025-04
backpacks for teachers,2391.0,27173.0,14782.0,2,2025-07,2025-08,,False,2025-07;2025-08
halloween costumes for boys,2391.0,71741.0,10344.0,3,2025-08,2025-10,,False,2025-08;2025-09;2025-10
easter dresses for women 2025,2396.0,124735.0,14871.0,3,2025-02,2025-04,,False,2025-02;2025-03;2025-04
sheriff country,2409.0,3700.0,3281.0,3,2025-10,2025-12,,False,2025-10;2025-11;2025-12
starbucks bear cup,2411.0,21631.0,12021.0,2,2025-11,2025-12,,False,2025-11;2025-12
outdoor christmas decor,2418.0,96008.0,16532.0,4,2025-09,2025-12,,False,2025-09;2025-10;2025-11;2025-12
chipmunk ears,2424.0,130591.0,25241.0,3,2025-08,2025-10,,False,2025-08;2025-09;2025-10
halloween wreath,2428.0,47467.0,8205.5,4,2025-07,2025-10,,False,2025-07;2025-08;2025-09;2025-10
halloween bags,2429.0,58332.0,10641.0,3,2025-08,2025-10,,False,2025-08;2025-09;2025-10
apple watch se 3,2430.0,14156.0,5798.0,4,2025-09,2025-12,,False,2025-09;2025-10;2025-11;2025-12
akkermansia+probiotic,2431.0,2431.0,2431.0,1,2025-01,2025-01,,False,2025-01
ramadan decorations for home,2436.0,138242.0,25708.0,4,2025-01,2025-12,,False,2025-01;2025-02;2025-03;2025-12
magnesium drops for kids,2439.0,2439.0,2439.0,1,2025-11,2025-11,,False,2025-11
thank my driver,2461.0,149634.0,76047.5,2,2025-01,2025-12,,False,2025-01;2025-12
superman (2025),2463.0,45172.0,23817.5,2,2025-08,2025-09,,False,2025-08;2025-09
halloween sale clearance,2465.0,90215.0,13734.5,4,2025-07,2025-10,,False,2025-07;2025-08;2025-09;2025-10
the santa clause,2476.0,141101.0,56222.0,4,2025-01,2025-12,,False,2025-01;2025-10;2025-11;2025-12
lorax costume women,2477.0,98258.0,51600.5,4,2025-08,2025-11,,False,2025-08;2025-09;2025-10;2025-11
christmas rug,2483.0,76074.0,13984.5,4,2025-09,2025-12,,False,2025-09;2025-10;2025-11;2025-12
dad christmas gifts,2483.0,92807.0,10189.0,3,2025-10,2025-12,,False,2025-10;2025-11;2025-12
halloween candy bowl,2486.0,115258.0,18066.0,4,2025-07,2025-10,,False,2025-07;2025-08;2025-09;2025-10
f1® the movie,2487.0,6190.0,3301.5,4,2025-09,2025-12,,False,2025-09;2025-10;2025-11;2025-12
st patricks day shirt men,2489.0,182459.0,17398.0,3,2025-01,2025-03,,False,2025-01;2025-02;2025-03
st patricks day,2493.0,55846.0,5770.0,3,2025-01,2025-03,,False,2025-01;2025-02;2025-03
jason voorhees costume,2493.0,66379.0,15466.0,3,2025-08,2025-10,,False,2025-08;2025-09;2025-10
code 3,2497.0,12781.0,4483.0,4,2025-09,2025-12,,False,2025-09;2025-10;2025-11;2025-12
cleopatra costume women,2509.0,84421.0,13389.0,3,2025-08,2025-10,,False,2025-08;2025-09;2025-10
boxbollen game,2510.0,90378.0,17426.0,4,2025-01,2025-12,,False,2025-01;2025-02;2025-11;2025-12
epson c9345 maintenance box,2515.0,23608.0,13061.5,2,2025-05,2025-06,,False,2025-05;2025-06
the lost bus,2524.0,40966.0,14472.0,4,2025-09,2025-12,,False,2025-09;2025-10;2025-11;2025-12
a charlie brown thanksgiving,2525.0,65440.0,33982.5,2,2025-11,2025-12,,False,2025-11;2025-12
deer costume,2526.0,170674.0,71202.5,4,2025-08,2025-11,,False,2025-08;2025-09;2025-10;2025-11
halloween backdrop,2527.0,122004.0,23736.5,4,2025-07,2025-10,,False,2025-07;2025-08;2025-09;2025-10
fall tunics for women,2530.0,2530.0,2530.0,1,2025-10,2025-10,,False,2025-10
winnie the pooh costume,2540.0,194943.0,44435.5,4,2025-07,2025-10,,False,2025-07;2025-08;2025-09;2025-10
christmas plates,2541.0,120688.0,22844.0,4,2025-09,2025-12,,False,2025-09;2025-10;2025-11;2025-12
c9345,2544.0,23210.0,12877.0,2,2025-05,2025-06,,False,2025-05;2025-06
100 days of school costume,2552.0,5140.0,3846.0,2,2025-01,2025-02,,False,2025-01;2025-02
heated rivalry book,2557.0,20422.0,11489.5,2,2025-11,2025-12,,False,2025-11;2025-12
joker costume men,2557.0,137954.0,16396.0,3,2025-08,2025-10,,False,2025-08;2025-09;2025-10
bridget jones diary,2560.0,115700.0,14504.0,3,2025-01,2025-03,,False,2025-01;2025-02;2025-03
christmas pillow covers 20x20,2567.0,90443.0,18020.0,4,2025-09,2025-12,,False,2025-09;2025-10;2025-11;2025-12
christmas paper plates,2571.0,165104.0,32537.5,4,2025-09,2025-12,,False,2025-09;2025-10;2025-11;2025-12
winter rompers for women,2572.0,59783.0,31177.5,2,2025-11,2025-12,,False,2025-11;2025-12
valentines day card,2577.0,21663.0,13168.0,3,2025-01,2025-12,,False,2025-01;2025-02;2025-12
holiday gift,2582.0,26075.0,9918.5,4,2025-09,2025-12,,False,2025-09;2025-10;2025-11;2025-12
epson maintenance box c9345,2587.0,23547.0,13067.0,2,2025-05,2025-06,,False,2025-05;2025-06
harley quinn costume adult,2591.0,135492.0,24587.0,4,2025-07,2025-10,,False,2025-07;2025-08;2025-09;2025-10
girls easter dress,2594.0,168199.0,19170.5,4,2025-01,2025-04,,False,2025-01;2025-02;2025-03;2025-04
christmas nails,2601.0,123692.0,24136.5,4,2025-09,2025-12,,False,2025-09;2025-10;2025-11;2025-12
halloween garland,2609.0,38381.0,6835.0,4,2025-07,2025-10,,False,2025-07;2025-08;2025-09;2025-10
christmas projector lights outdoor,2611.0,144830.0,18384.0,4,2025-09,2025-12,,False,2025-09;2025-10;2025-11;2025-12
colored pencils 24 count,2612.0,48287.0,9880.0,3,2025-07,2025-09,,False,2025-07;2025-08;2025-09
lynley,2614.0,55014.0,20846.0,4,2025-09,2025-12,,False,2025-09;2025-10;2025-11;2025-12
fall anthropologie clothes,2619.0,189395.0,4424.5,4,2025-07,2025-10,,False,2025-07;2025-08;2025-09;2025-10
how to loose a guy in 10 days,2620.0,2833.0,2726.5,2,2025-01,2025-02,,False,2025-01;2025-02
adult costumes for women,2623.0,127420.0,23469.0,3,2025-08,2025-10,,False,2025-08;2025-09;2025-10
thanksgiving table runner,2635.0,55143.0,17365.0,3,2025-09,2025-11,,False,2025-09;2025-10;2025-11
fish tank heaters,2642.0,23494.0,11750.0,4,2025-09,2025-12,,False,2025-09;2025-10;2025-11;2025-12
aritzia dupes,2646.0,14351.0,8498.5,2,2025-11,2025-12,,False,2025-11;2025-12
teen easter basket stuffers,2646.0,121086.0,12032.0,3,2025-02,2025-04,,False,2025-02;2025-03;2025-04
scream costume,2646.0,89698.0,21560.0,3,2025-08,2025-10,,False,2025-08;2025-09;2025-10
demon hunter gifts,2648.0,8566.0,6000.5,4,2025-09,2025-12,,False,2025-09;2025-10;2025-11;2025-12
amazon gift card christmas,2653.0,128238.0,40235.5,4,2025-01,2025-12,,False,2025-01;2025-10;2025-11;2025-12
black phone 2,2658.0,10847.0,9358.0,3,2025-10,2025-12,,False,2025-10;2025-11;2025-12
monkey costume,2659.0,146855.0,51691.5,4,2025-07,2025-10,,False,2025-07;2025-08;2025-09;2025-10
christmas tree star,2659.0,183936.0,31482.0,4,2025-09,2025-12,,False,2025-09;2025-10;2025-11;2025-12
age of disclosure,2661.0,199402.0,60588.5,4,2025-03,2025-12,,False,2025-03;2025-10;2025-11;2025-12
apple watch 11,2666.0,9508.0,6154.0,4,2025-09,2025-12,,False,2025-09;2025-10;2025-11;2025-12
easter basket stuffers for toddler,2669.0,14002.0,3457.0,3,2025-02,2025-04,,False,2025-02;2025-03;2025-04
sweat absorbing lotion,2671.0,12826.0,7748.5,2,2025-06,2025-10,,False,2025-06;2025-10
easter eggs empty,2678.0,60540.0,10002.0,3,2025-02,2025-04,,False,2025-02;2025-03;2025-04
womens easter dress 2025,2682.0,43078.0,6875.0,3,2025-02,2025-04,,False,2025-02;2025-03;2025-04
altitude sickness prevention patches,2687.0,79428.0,27296.5,4,2025-02,2025-11,,False,2025-02;2025-03;2025-05;2025-11
sustain me book barbara o'neill 2024,2689.0,21342.0,6464.0,4,2025-01,2025-04,,False,2025-01;2025-02;2025-03;2025-04
pottery barn christmas decor,2694.0,2694.0,2694.0,1,2025-11,2025-11,,False,2025-11
snoop on the stoop,2698.0,84026.0,5771.0,3,2025-10,2025-12,,False,2025-10;2025-11;2025-12
halloween sprinkles,2704.0,171952.0,30597.0,4,2025-07,2025-10,,False,2025-07;2025-08;2025-09;2025-10
toddler easter basket stuffers,2713.0,23194.0,5128.0,3,2025-02,2025-04,,False,2025-02;2025-03;2025-04
easter gifts,2714.0,194068.0,21285.0,4,2025-01,2025-04,,False,2025-01;2025-02;2025-03;2025-04
halloween window clings,2716.0,82411.0,9497.0,4,2025-07,2025-10,,False,2025-07;2025-08;2025-09;2025-10
hello kitty valentines,2718.0,6107.0,4412.5,2,2025-01,2025-02,,False,2025-01;2025-02
christmas headbands for women,2720.0,59571.0,8201.0,3,2025-10,2025-12,,False,2025-10;2025-11;2025-12
halloween sweatshirt,2722.0,133398.0,21970.0,4,2025-07,2025-10,,False,2025-07;2025-08;2025-09;2025-10
boxbollen boxing ball,2730.0,32988.0,17859.0,2,2025-11,2025-12,,False,2025-11;2025-12
halloween balloons,2738.0,151473.0,36226.5,4,2025-07,2025-10,,False,2025-07;2025-08;2025-09;2025-10
christmas headband,2744.0,195353.0,37322.0,4,2025-07,2025-12,,False,2025-07;2025-10;2025-11;2025-12
usb3.0 hub,2756.0,30981.0,16868.5,2,2025-02,2025-03,,False,2025-02;2025-03
kindergarten graduation cap and gown,2761.0,93480.0,16708.0,4,2025-03,2025-06,,False,2025-03;2025-04;2025-05;2025-06
sexy halloween costumes for women adult,2762.0,160627.0,48073.0,3,2025-08,2025-10,,False,2025-08;2025-09;2025-10
clown costume women,2766.0,64834.0,16040.0,3,2025-08,2025-10,,False,2025-08;2025-09;2025-10
chief of war jason momoa,2768.0,52802.0,27785.0,2,2025-08,2025-09,,False,2025-08;2025-09
dji neo 2,2775.0,103315.0,5025.0,3,2025-10,2025-12,,False,2025-10;2025-11;2025-12
pens for school,2777.0,110411.0,26668.0,4,2025-06,2025-09,,False,2025-06;2025-07;2025-08;2025-09
christmas shirts,2780.0,103803.0,14337.5,4,2025-09,2025-12,,False,2025-09;2025-10;2025-11;2025-12
black history shirts for women,2781.0,25526.0,14153.5,2,2025-01,2025-02,,False,2025-01;2025-02
race car driver costume women,2784.0,129218.0,21564.0,3,2025-08,2025-10,,False,2025-08;2025-09;2025-10
snoring strips men,2784.0,2784.0,2784.0,1,2025-12,2025-12,,False,2025-12
henry danger the movie,2787.0,26908.0,14847.5,2,2025-01,2025-02,,False,2025-01;2025-02
chocolate bunny,2790.0,129150.0,18531.0,3,2025-02,2025-04,,False,2025-02;2025-03;2025-04
kindergarten graduation gifts,2800.0,31080.0,12635.0,3,2025-04,2025-06,,False,2025-04;2025-05;2025-06
witch hats for women,2800.0,72783.0,17562.0,3,2025-08,2025-10,,False,2025-08;2025-09;2025-10
ladybug wings,2803.0,151996.0,45835.5,4,2025-07,2025-10,,False,2025-07;2025-08;2025-09;2025-10
toddler girl halloween costume,2807.0,173300.0,25356.5,4,2025-07,2025-10,,False,2025-07;2025-08;2025-09;2025-10
santa hats adult,2808.0,82403.0,10050.0,3,2025-10,2025-12,,False,2025-10;2025-11;2025-12
quiet luxury clothes,2809.0,107740.0,19055.0,4,2025-08,2025-11,,False,2025-08;2025-09;2025-10;2025-11
easter dresses for girls,2810.0,68842.0,9433.0,4,2025-01,2025-04,,False,2025-01;2025-02;2025-03;2025-04
the mortician,2812.0,149569.0,55867.0,4,2025-06,2025-09,,False,2025-06;2025-07;2025-08;2025-09
ugly sweater christmas women,2812.0,173967.0,20218.0,4,2025-09,2025-12,,False,2025-09;2025-10;2025-11;2025-12
67 wrapping paper,2816.0,27976.0,4550.0,3,2025-10,2025-12,,False,2025-10;2025-11;2025-12
visa gift card ?,2816.0,3819.0,3442.5,4,2025-01,2025-07,,False,2025-01;2025-02;2025-03;2025-07
halloween nails,2818.0,115347.0,14843.5,4,2025-07,2025-10,,False,2025-07;2025-08;2025-09;2025-10
valentines pajamas for women,2818.0,131663.0,2881.0,3,2025-01,2025-12,,False,2025-01;2025-02;2025-12
christmas hat,2821.0,166582.0,41157.5,4,2025-09,2025-12,,False,2025-09;2025-10;2025-11;2025-12
mike wazowski costume,2824.0,109127.0,28761.5,4,2025-07,2025-10,,False,2025-07;2025-08;2025-09;2025-10
witch costume for girls,2840.0,57766.0,9763.0,3,2025-08,2025-10,,False,2025-08;2025-09;2025-10
dog christmas gifts,2843.0,82209.0,10716.0,3,2025-10,2025-12,,False,2025-10;2025-11;2025-12
gifts for mom christmas,2857.0,37960.0,20408.5,2,2025-11,2025-12,,False,2025-11;2025-12
valentine cards for kids classroom,2863.0,10247.0,6555.0,2,2025-01,2025-02,,False,2025-01;2025-02
halloween gifts,2866.0,111207.0,16461.0,4,2025-07,2025-10,,False,2025-07;2025-08;2025-09;2025-10
halloween headband,2867.0,89121.0,23512.0,3,2025-08,2025-10,,False,2025-08;2025-09;2025-10
scrooged,2873.0,116856.0,20438.0,3,2025-01,2025-12,,False,2025-01;2025-11;2025-12
potassium drops,2873.0,59959.0,10693.0,3,2025-01,2025-04,,False,2025-01;2025-02;2025-04
chocolate brown fall clothing,2876.0,13223.0,9674.0,3,2025-09,2025-11,,False,2025-09;2025-10;2025-11
"onyx storm deluxe limited edition the empyrean, 3",2896.0,37517.0,20206.5,2,2025-01,2025-02,,False,2025-01;2025-02
toddler valentines day gifts,2902.0,11845.0,7373.5,2,2025-01,2025-02,,False,2025-01;2025-02
secret santa gifts,2903.0,115505.0,7919.0,3,2025-10,2025-12,,False,2025-10;2025-11;2025-12
us olay,2903.0,77444.0,10319.0,3,2025-07,2025-09,,False,2025-07;2025-08;2025-09
sewing ogranizers,2908.0,2908.0,2908.0,1,2025-11,2025-11,,False,2025-11
ugly sweater men,2914.0,50548.0,5806.0,3,2025-10,2025-12,,False,2025-10;2025-11;2025-12
arthur christmas,2919.0,101689.0,10132.0,3,2025-01,2025-12,,False,2025-01;2025-11;2025-12
terrifier costume,2924.0,85774.0,20701.0,3,2025-08,2025-10,,False,2025-08;2025-09;2025-10
pain relieving gel,2928.0,2928.0,2928.0,1,2025-05,2025-05,,False,2025-05
valentines gifts for him,2928.0,24327.0,3419.0,3,2025-01,2025-12,,False,2025-01;2025-02;2025-12
white elephant gift ideas,2933.0,190313.0,10253.0,3,2025-01,2025-12,,False,2025-01;2025-11;2025-12
chocolate easter bunny,2941.0,31397.0,17169.0,2,2025-03,2025-04,,False,2025-03;2025-04
pimp costume,2941.0,153250.0,32105.0,3,2025-08,2025-10,,False,2025-08;2025-09;2025-10
christmas pjs women,2962.0,138137.0,22117.0,4,2025-09,2025-12,,False,2025-09;2025-10;2025-11;2025-12
wednesday addams costume,2964.0,86581.0,5835.0,4,2025-07,2025-10,,False,2025-07;2025-08;2025-09;2025-10
tankini deals for retired women,2966.0,22323.0,10422.0,4,2025-05,2025-08,,False,2025-05;2025-06;2025-07;2025-08
advent candles,2969.0,155738.0,36855.5,4,2025-01,2025-12,,False,2025-01;2025-10;2025-11;2025-12
mighty nein,2970.0,72887.0,4993.0,3,2025-10,2025-12,,False,2025-10;2025-11;2025-12
halloween snacks,2979.0,49221.0,8178.0,3,2025-08,2025-10,,False,2025-08;2025-09;2025-10
turkey brine,2980.0,64242.0,49891.0,3,2025-10,2025-12,,False,2025-10;2025-11;2025-12
fog machine outdoor,2982.0,131353.0,29085.0,4,2025-08,2025-11,,False,2025-08;2025-09;2025-10;2025-11
christmas press on nails,2982.0,118994.0,24305.5,4,2025-09,2025-12,,False,2025-09;2025-10;2025-11;2025-12
christmas light clips,2984.0,88637.0,23444.0,4,2025-09,2025-12,,False,2025-09;2025-10;2025-11;2025-12
sarah's oil,2987.0,109712.0,56349.5,2,2025-11,2025-12,,False,2025-11;2025-12
press on nails for women,2989.0,175855.0,16103.0,3,2025-01,2025-03,,False,2025-01;2025-02;2025-03
trick or treat bags,2995.0,120897.0,20496.0,3,2025-08,2025-10,,False,2025-08;2025-09;2025-10
disfraz de halloween para niñas,2998.0,19860.0,11429.0,2,2025-09,2025-10,,False,2025-09;2025-10
notes on being a man,3001.0,71213.0,15615.0,3,2025-04,2025-12,,False,2025-04;2025-11;2025-12
balloonerism,3001.0,80779.0,17318.0,3,2025-01,2025-03,,False,2025-01;2025-02;2025-03
airpod pro 3,3008.0,6853.0,4467.5,4,2025-09,2025-12,,False,2025-09;2025-10;2025-11;2025-12
corduroy dresses,3032.0,78112.0,40572.0,2,2025-11,2025-12,,False,2025-11;2025-12
plus size costumes for women,3040.0,99918.0,17629.0,3,2025-08,2025-10,,False,2025-08;2025-09;2025-10
halloween music,3043.0,65976.0,34509.5,2,2025-09,2025-10,,False,2025-09;2025-10
turning point usa shirt,3046.0,199317.0,35133.0,3,2025-09,2025-11,,False,2025-09;2025-10;2025-11
swim suits for women 2024,3053.0,185076.0,94064.5,2,2025-01,2025-02,,False,2025-01;2025-02
pumpkin carving tools,3062.0,28184.0,15623.0,2,2025-09,2025-10,,False,2025-09;2025-10
scissors for school,3064.0,90201.0,34856.0,4,2025-06,2025-09,,False,2025-06;2025-07;2025-08;2025-09
spigen iphone 17 pro max case,3072.0,10975.0,6415.0,4,2025-09,2025-12,,False,2025-09;2025-10;2025-11;2025-12
womens stocking stuffers,3080.0,96646.0,9728.0,3,2025-10,2025-12,,False,2025-10;2025-11;2025-12
cookie monster costume,3084.0,157097.0,31935.0,4,2025-07,2025-10,,False,2025-07;2025-08;2025-09;2025-10
christmas door decorations,3087.0,118514.0,18162.0,4,2025-09,2025-12,,False,2025-09;2025-10;2025-11;2025-12
