term,best_rank,worst_rank,median_rank,months_present,first_month,last_month,trend_ratio,is_category
iphone 17 pro max case,2.0,73206.0,8.5,6,2025-07,2025-12,0.0007733952049497294,False
iphone 17 pro case,7.0,48470.0,27.0,5,2025-08,2025-12,,False
halloween decorations outdoor,10.0,152492.0,9058.0,9,2025-04,2025-12,0.11553276702124946,False
the girlfriend,11.0,171277.0,4772.0,8,2025-05,2025-12,0.00952761621978775,False
ballard,12.0,171621.0,6143.0,9,2025-04,2025-12,0.04476589542721807,False
advent calendar 2025,18.0,32640.0,218.0,6,2025-07,2025-12,0.07666290868094701,False
the better sister series,23.0,27805.0,3809.5,8,2025-05,2025-12,109.76190476190476,False
garden clearance deals,24.0,100154.0,1013.0,9,2025-04,2025-12,500.7916666666667,False
fall fashion must haves,29.0,96754.0,1604.0,5,2025-08,2025-12,,False
christmas gifts for grandkids,31.0,4048.0,409.0,4,2025-09,2025-12,,False
we were liars series,32.0,7994.0,537.0,7,2025-06,2025-12,87.56923076923077,False
neck lift tape,32.0,3041.0,208.0,9,2025-04,2025-12,0.11557788944723618,False
italian dress,37.0,122149.0,506.0,7,2025-06,2025-12,25.846743295019156,False
overcompensating,40.0,128408.0,2300.0,9,2025-04,2025-12,95.8170731707317,False
iphone 17 case,50.0,78725.0,68.0,5,2025-08,2025-12,,False
kinesiology tape for shoulder,65.0,2162.0,149.5,8,2025-05,2025-12,0.05089485458612975,False
rumi costume kids,73.0,69315.0,4679.0,6,2025-07,2025-12,5.413982179575052,False
women fall clothes,75.0,9569.0,570.0,5,2025-08,2025-12,,False
kpop demon hunters costume,75.0,11662.0,2867.5,6,2025-07,2025-12,5.372222222222222,False
iphone 17 pro max screen protector,79.0,270.0,186.0,4,2025-09,2025-12,,False
heated rivalry,82.0,68395.0,3270.0,3,2025-10,2025-12,,False
kpop demon hunters,85.0,9018.0,135.0,7,2025-06,2025-12,0.2542372881355932,False
black friday deals 2025,111.0,26026.0,18603.0,3,2025-10,2025-12,,False
charlie kirk,120.0,19615.0,5926.0,4,2025-09,2025-12,,False
charlie kirk books,129.0,16614.0,4795.5,4,2025-09,2025-12,,False
the age of disclosure,134.0,38603.0,1005.0,3,2025-10,2025-12,,False
advent calendars,134.0,22107.0,1102.0,5,2025-08,2025-12,,False
playdate,138.0,5998.0,1071.0,3,2025-10,2025-12,,False
motorheads,145.0,27773.0,1550.5,8,2025-05,2025-12,112.10714285714286,False
date night rompers,158.0,35773.0,969.0,7,2025-06,2025-12,8.338541666666666,False
the terminal list: dark wolf,161.0,69234.0,3340.0,6,2025-07,2025-12,3.3461288223812624,False
iphone 17 pro screen protector,172.0,424.0,273.5,4,2025-09,2025-12,,False
plus size fall fashion deals,178.0,16680.0,2177.0,5,2025-08,2025-12,,False
dexter: resurrection,183.0,33315.0,7571.5,6,2025-07,2025-12,38.971949509116406,False
womens fall clothes clearance sale,199.0,13942.0,1032.0,6,2025-07,2025-12,0.6631748589846898,False
one night in idaho the college,204.0,79863.0,42467.0,7,2025-06,2025-12,21.895997375328083,False
calcium multi balm stick,211.0,113021.0,33965.0,4,2025-09,2025-12,,False
switch 2 case,212.0,12021.0,1827.0,9,2025-04,2025-12,0.2717536813922356,False
charlie kirk t shirt,217.0,43190.0,14831.0,4,2025-09,2025-12,,False
the better sister,218.0,32202.0,9554.0,9,2025-04,2025-12,38.36005256241787,False
neuropathy supplements,227.0,141410.0,1970.5,8,2025-05,2025-12,0.01914180355346966,False
the pickup,230.0,63606.0,16725.0,7,2025-06,2025-12,0.5993764334862385,False
the runarounds,233.0,29989.0,7469.0,5,2025-08,2025-12,,False
stocking stuffers for teen girls,240.0,9191.0,550.0,5,2025-08,2025-12,,False
nad liquid supplement,242.0,104208.0,1880.0,6,2025-07,2025-12,269.12225705329155,False
fall dresses,247.0,152054.0,2795.0,7,2025-06,2025-12,0.042662116040955635,False
fashion clothing,254.0,12459.0,622.5,8,2025-05,2025-12,1.8022875816993464,False
disney fashion women,259.0,9301.0,848.5,6,2025-07,2025-12,4.24865831842576,False
instant face lift serum,279.0,14586.0,4030.0,9,2025-04,2025-12,0.09652605459057072,False
anthropologie dresses,280.0,191677.0,3748.0,7,2025-06,2025-12,101.52631578947368,False
mentiras la serie,285.0,89349.0,20174.0,7,2025-06,2025-12,71.475910693302,False
levis women jeans,290.0,2302.0,1367.5,4,2025-09,2025-12,,False
cast iron juicer,292.0,9127.0,3913.0,5,2025-08,2025-12,,False
calendar 2026,301.0,117622.0,9103.0,6,2025-07,2025-12,0.04130984603097129,False
dark wolf terminal list,309.0,24989.0,5360.0,5,2025-08,2025-12,,False
new years eve party supplies,319.0,131869.0,24676.0,3,2025-10,2025-12,,False
glp1 supplement,324.0,192748.0,2071.0,5,2025-08,2025-12,,False
liquid oxygen drops,326.0,6740.0,749.0,5,2025-08,2025-12,,False
wicked: for good,346.0,1959.0,1152.5,2,2025-11,2025-12,,False
tony and ziva,354.0,51501.0,10278.0,5,2025-08,2025-12,,False
acc,356.0,23432.0,12714.0,9,2025-04,2025-12,6.468500443655723,False
salmon dna serum,360.0,139388.0,9261.0,9,2025-04,2025-12,0.004415347137637028,False
divorced sister,363.0,81072.0,10802.0,7,2025-06,2025-12,61.69214437367304,False
fall outfits for women 2025,363.0,175467.0,5996.0,7,2025-06,2025-12,0.6413520162584233,False
airpods pro 3 case,370.0,759.0,534.0,4,2025-09,2025-12,,False
bee venom cream for skin,372.0,1282.0,827.0,2,2025-11,2025-12,,False
lego advent calendar 2025,382.0,126544.0,3829.0,6,2025-07,2025-12,0.0345901715560928,False
final destination bloodlines,384.0,73805.0,5366.5,8,2025-05,2025-12,50.86723507917174,False
oh. what. fun.,401.0,24633.0,12517.0,2,2025-11,2025-12,,False
finding joy,409.0,46584.0,4864.0,3,2025-10,2025-12,,False
charlie kirk shirt,419.0,78509.0,27773.5,4,2025-09,2025-12,,False
nail repair patches,420.0,420.0,420.0,1,2025-12,2025-12,,False
nmn supplements 1000mg,422.0,917.0,669.5,2,2025-11,2025-12,,False
stranger things merch,431.0,127302.0,44702.0,7,2025-06,2025-12,0.03916514968548925,False
fall boots,445.0,141891.0,7422.5,6,2025-07,2025-12,0.19428801287208367,False
summer clearance women's clothing,446.0,42686.0,2469.0,6,2025-07,2025-12,4.080246913580247,False
nfl team gear,454.0,65319.0,13643.0,6,2025-07,2025-12,0.38535743298131603,False
apple watch series 11,462.0,2570.0,882.5,4,2025-09,2025-12,,False
all her fault,462.0,1029.0,745.5,2,2025-11,2025-12,,False
supreme methylene blue,485.0,36882.0,5964.0,7,2025-06,2025-12,0.5588455772113943,False
play dirty,487.0,14538.0,5719.0,5,2025-08,2025-12,,False
glp-1 supplement,488.0,1312.0,900.0,2,2025-11,2025-12,,False
the osbournes,492.0,147939.0,29454.0,9,2025-04,2025-12,3.195864738235893,False
the map that leads to you,494.0,18923.0,5834.5,6,2025-07,2025-12,14.001669449081803,False
stocking stuffers for teen boys,499.0,142844.0,1096.0,5,2025-08,2025-12,,False
overstock items,509.0,105257.0,3031.0,7,2025-06,2025-12,6.796632124352332,False
christmas dresses for women,515.0,122470.0,17220.0,6,2025-07,2025-12,0.013002364066193853,False
christmas trees with lights,524.0,14233.0,2895.0,5,2025-08,2025-12,,False
fungal nail patches,557.0,26208.0,12951.5,8,2025-05,2025-12,4.942622950819672,False
b0chwrxh8b,557.0,1383.0,970.0,2,2025-11,2025-12,,False
iphone 17 screen protector,559.0,1004.0,729.5,4,2025-09,2025-12,,False
matching christmas pajamas for family,566.0,121521.0,10739.5,6,2025-07,2025-12,0.01828121583205773,False
tinnitus relief spray,579.0,13699.0,2992.0,7,2025-06,2025-12,0.06678612151816257,False
christmas pajamas for women,597.0,142088.0,26805.5,6,2025-07,2025-12,0.01628700562696919,False
calm drink mix,600.0,600.0,600.0,1,2025-12,2025-12,,False
switch 2 screen protector,603.0,23557.0,7626.0,9,2025-04,2025-12,0.49545218295218296,False
kpop demon hunters toys,606.0,141350.0,2421.0,6,2025-07,2025-12,0.0988045513466801,False
pet hair removal glove,643.0,27938.0,3929.0,8,2025-05,2025-12,2.367003367003367,False
advent calendar for adults,646.0,14393.0,857.0,5,2025-08,2025-12,,False
nintendo switch 2 case,650.0,17883.0,3309.0,9,2025-04,2025-12,0.212360415864459,False
white elephant christmas gifts,663.0,78309.0,22305.0,4,2025-09,2025-12,,False
christmas shirts for women,667.0,122897.0,23907.5,6,2025-07,2025-12,0.01144383324194775,False
chocolate brown dress,677.0,186488.0,7045.0,5,2025-08,2025-12,,False
luxury outfits for women,699.0,104419.0,52559.0,2,2025-11,2025-12,,False
nobody 2,710.0,81822.0,2862.0,6,2025-07,2025-12,0.6289129197495731,False
cat grass treats,721.0,153001.0,62351.0,6,2025-07,2025-12,0.005699385102748016,False
roofman,735.0,23756.0,2778.0,3,2025-10,2025-12,,False
k pop demon hunters,745.0,70755.0,1867.0,7,2025-06,2025-12,0.15218376907964334,False
christmas outfits for women,747.0,86682.0,9184.0,4,2025-09,2025-12,,False
nmn supplement 1000mg,755.0,755.0,755.0,1,2025-12,2025-12,,False
freedom shirt,766.0,60392.0,23432.0,4,2025-09,2025-12,,False
dermave bikini shaver,770.0,78279.0,26210.0,9,2025-04,2025-12,7.825807373535296,False
the institute,773.0,98983.0,17296.0,7,2025-06,2025-12,37.55220667384284,False
doc martens for women clogs,782.0,103587.0,3760.0,5,2025-08,2025-12,,False
nobody's girl virginia giuffre,784.0,17369.0,6475.0,4,2025-09,2025-12,,False
christmas pillows,795.0,142088.0,22385.5,6,2025-07,2025-12,0.048935649620748714,False
kpop demon hunters merch,797.0,95655.0,1099.0,7,2025-06,2025-12,0.24493973163520583,False
gifts for people with dementia,800.0,51007.0,2574.0,3,2025-10,2025-12,,False
new years decorations 2026,813.0,42821.0,21817.0,2,2025-11,2025-12,,False
kids magnesium drops,821.0,1515.0,1168.0,2,2025-11,2025-12,,False
one battle after another,832.0,27744.0,3658.5,4,2025-09,2025-12,,False
pottery barn decor,849.0,191893.0,5089.0,7,2025-06,2025-12,3.8355276085674985,False
107 days kamala harris,860.0,22839.0,12015.0,5,2025-08,2025-12,,False
k pop demon hunters costume,862.0,35889.0,12851.0,6,2025-07,2025-12,4.812302125734962,False
mission: impossible - the final reckoning,887.0,143181.0,2409.5,8,2025-05,2025-12,0.1113006161971831,False
christmas gifts for men,896.0,78897.0,7549.0,5,2025-08,2025-12,,False
pokemon legends z-a,907.0,40598.0,9597.0,7,2025-06,2025-12,0.1916459567960237,False
wicked for good,910.0,193702.0,22966.0,7,2025-06,2025-12,0.021768968048772704,False
lymphatic contour face brush,915.0,143441.0,7543.5,8,2025-05,2025-12,0.07525764010572897,False
merv,917.0,41928.0,21422.5,2,2025-11,2025-12,,False
desk calendar 2026,919.0,149289.0,14198.0,6,2025-07,2025-12,0.07814652727125375,False
alani witches brew,924.0,66978.0,11483.5,6,2025-07,2025-12,11.683333333333334,False
maintenance required,939.0,78491.0,20506.5,4,2025-09,2025-12,,False
iphone air case,957.0,3567.0,2704.5,4,2025-09,2025-12,,False
tymo curlpro plus,967.0,109305.0,5777.0,7,2025-06,2025-12,0.04476141691950038,False
pijamas de navidad para familia,979.0,74204.0,10402.5,4,2025-09,2025-12,,False
silver elite,989.0,44024.0,21452.0,9,2025-04,2025-12,5.032814987143382,False
freedom shirt charlie kirk,990.0,22615.0,9364.5,4,2025-09,2025-12,,False
28 years later,990.0,24381.0,2987.0,7,2025-06,2025-12,16.73860705073087,False
holiday dresses for women,996.0,101852.0,9846.0,4,2025-09,2025-12,,False
deer ears,997.0,194383.0,132547.0,5,2025-08,2025-12,,False
headphones for kids for school,1003.0,195515.0,40708.5,6,2025-07,2025-12,7.950281995661605,False
pluribus,1019.0,1028.0,1023.5,2,2025-11,2025-12,,False
glass bear cup,1023.0,49401.0,25212.0,2,2025-11,2025-12,,False
welcome to derry it,1047.0,6704.0,3875.5,2,2025-11,2025-12,,False
hunting essentials,1048.0,3116.0,1892.0,7,2025-06,2025-12,0.9653061224489796,False
the bad guys 2,1062.0,163228.0,2737.0,6,2025-07,2025-12,2.4765886287625416,False
fall wedding guest dresses,1063.0,198190.0,52097.0,9,2025-04,2025-12,0.015569301089292147,False
switch 2 games,1067.0,41692.0,4602.0,9,2025-04,2025-12,0.04205104033398424,False
christmas pajamas for family,1081.0,168163.0,14956.0,7,2025-06,2025-12,0.024308902340286077,False
christmas blanket,1096.0,107706.0,19610.0,6,2025-07,2025-12,0.051762560777957864,False
christmas socks,1100.0,199259.0,46029.5,6,2025-07,2025-12,0.019792747475012806,False
christmas dress,1108.0,139576.0,16124.0,5,2025-08,2025-12,,False
baby doll dresses women,1117.0,190956.0,29385.5,8,2025-05,2025-12,72.55643044619423,False
nail art markers,1135.0,83807.0,24050.0,6,2025-07,2025-12,0.018734910671173347,False
materialists,1159.0,12884.0,3033.0,7,2025-06,2025-12,2.546241211465657,False
christmas gifts for teens,1175.0,3483.0,2198.0,4,2025-09,2025-12,,False
christmas sweatshirts for women,1178.0,185328.0,14677.0,5,2025-08,2025-12,,False
17 pro max case,1178.0,1476.0,1352.5,4,2025-09,2025-12,,False
stop in the name of god charlie kirk,1182.0,160613.0,37511.0,4,2025-09,2025-12,,False
tell me softly,1195.0,172559.0,86877.0,2,2025-11,2025-12,,False
tinnitus relief patch,1197.0,24332.0,6070.5,4,2025-09,2025-12,,False
advent calendar for girls,1204.0,50323.0,7124.0,5,2025-08,2025-12,,False
advent calendar for boys,1208.0,40614.0,5250.0,5,2025-08,2025-12,,False
christmas earrings,1210.0,170774.0,41366.0,6,2025-07,2025-12,0.01975273665903314,True
silicone scar stick,1220.0,128213.0,59269.0,7,2025-06,2025-12,2.131365074798619,False
f1 movie,1225.0,25113.0,12121.0,7,2025-06,2025-12,6.372143974960877,False
ergothioneine,1238.0,1238.0,1238.0,1,2025-12,2025-12,,False
charlie kirk merch,1244.0,138187.0,69152.0,4,2025-09,2025-12,,False
1929 andrew ross sorkin,1253.0,64696.0,5397.0,4,2025-09,2025-12,,False
nintendo switch 2 games,1271.0,31652.0,5775.0,9,2025-04,2025-12,0.04984537625112227,False
anti yeast drops for dogs,1273.0,1273.0,1273.0,1,2025-12,2025-12,,False
camping deals,1275.0,46768.0,4259.5,8,2025-05,2025-12,6.257167187056486,False
christmas pillow covers 18x18,1277.0,114500.0,11615.0,5,2025-08,2025-12,,False
from old country bumpkin to master swordsman,1283.0,174390.0,85559.0,9,2025-04,2025-12,33.84197877027839,False
hair growth serum roll on,1289.0,158960.0,10858.0,5,2025-08,2025-12,,False
the amateur,1318.0,58191.0,32567.0,9,2025-04,2025-12,1.18289057023375,False
christmas cookie cutters,1326.0,138732.0,27874.0,6,2025-07,2025-12,0.02795902423995687,False
coach handbags on sale,1329.0,2411.0,2245.0,4,2025-09,2025-12,,False
halloween lights outdoor,1337.0,98014.0,53734.0,6,2025-07,2025-12,3.6171163430142634,False
the last rodeo,1355.0,83072.0,15004.5,8,2025-05,2025-12,5.93084555012587,False
wall calendar 2026,1356.0,165351.0,23351.5,6,2025-07,2025-12,0.0855680963130173,False
john candy,1359.0,42554.0,13652.0,4,2025-09,2025-12,,False
bear cup,1368.0,31631.0,16499.5,2,2025-11,2025-12,,False
zoey kpop demon hunters outfit,1377.0,84458.0,24076.0,6,2025-07,2025-12,7.044128933231005,False
christmas window clings,1380.0,139876.0,15004.0,5,2025-08,2025-12,,False
airplane gadgets,1381.0,99691.0,2915.0,5,2025-08,2025-12,,False
ugly sweater,1384.0,74888.0,10601.5,4,2025-09,2025-12,,False
thunderbolts*,1385.0,88054.0,39292.0,7,2025-06,2025-12,38.09355742296919,False
men stocking stuffers,1401.0,70680.0,5311.0,3,2025-10,2025-12,,False
gifts for people who are always cold,1437.0,14156.0,7796.5,2,2025-11,2025-12,,False
kpop demon hunters birthday decorations,1440.0,68512.0,3506.0,6,2025-07,2025-12,0.6220578345662408,False
blood of my blood outlander,1449.0,35116.0,5783.0,5,2025-08,2025-12,,False
wormwood tincture,1467.0,70241.0,8243.5,4,2025-09,2025-12,,False
lego halloween,1474.0,130534.0,30243.0,6,2025-07,2025-12,1.4487267721954578,False
pink christmas decor,1481.0,133589.0,22986.0,6,2025-07,2025-12,0.11102630502930352,False
it: welcome to derry,1499.0,13388.0,1841.0,3,2025-10,2025-12,,False
fall dresses for women,1501.0,117144.0,11917.5,6,2025-07,2025-12,0.5799416677714437,False
fountain of youth,1501.0,199837.0,53582.0,9,2025-04,2025-12,52.46068340881021,False
yeast infection drops for dogs,1504.0,1504.0,1504.0,1,2025-12,2025-12,,False
christmas throw blanket,1508.0,198457.0,29858.0,6,2025-07,2025-12,0.04721718636693256,False
maybelline colossal bubble mascara,1511.0,133032.0,25537.0,9,2025-04,2025-12,17.258946973955407,False
gifts for people who love baking,1513.0,153052.0,77282.5,2,2025-11,2025-12,,False
christmas backdrop,1528.0,161291.0,28624.0,6,2025-07,2025-12,0.020934932780967513,False
the conjuring: last rites,1529.0,9657.0,2929.0,4,2025-09,2025-12,,False
gift cards physical,1533.0,166281.0,50221.5,8,2025-05,2025-12,0.07220331051348435,False
stocking stuffers for boys,1546.0,171198.0,22988.0,4,2025-09,2025-12,,False
iphone 17 pro,1548.0,2822.0,2141.0,4,2025-09,2025-12,,False
rv must haves,1562.0,167599.0,18393.5,8,2025-05,2025-12,27.684013127051102,False
lazarus,1569.0,33828.0,13512.0,9,2025-04,2025-12,0.23805243445692884,False
2026 planner weekly and monthly,1570.0,129384.0,5277.0,7,2025-06,2025-12,0.06771129333441585,False
womens christmas pajamas,1576.0,95013.0,12242.5,4,2025-09,2025-12,,False
charlie kirk freedom shirt,1597.0,65384.0,31942.5,4,2025-09,2025-12,,False
kpop demon hunters dolls,1609.0,98714.0,7757.0,6,2025-07,2025-12,0.04683544303797468,False
dinosaur costume kids,1613.0,127101.0,55024.0,6,2025-07,2025-12,1.5855927822940652,False
christmas bathroom decor,1617.0,151525.0,13676.0,5,2025-08,2025-12,,False
christmas garage,1623.0,124760.0,63191.5,2,2025-11,2025-12,,False
christmas pjs,1625.0,178134.0,30787.5,6,2025-07,2025-12,0.02193222845708817,False
new years eve dress women,1627.0,188417.0,64873.0,4,2025-09,2025-12,,False
led drawing board for kids,1630.0,110083.0,83186.0,9,2025-04,2025-12,0.03356888626010439,False
new years eve party supplies 2026,1650.0,77034.0,39342.0,2,2025-11,2025-12,,False
shield of sparrows,1660.0,31056.0,7311.0,9,2025-04,2025-12,2.2781077206635265,False
battlefield 6,1664.0,125287.0,9785.0,6,2025-07,2025-12,0.21465569774527726,False
turkey brine kit,1670.0,33386.0,31108.0,3,2025-10,2025-12,,False
ralph lauren christmas decor,1689.0,15379.0,7038.0,3,2025-10,2025-12,,False
christmas sprinkles,1691.0,129332.0,22399.0,4,2025-09,2025-12,,False
chief of war,1701.0,104127.0,25675.5,6,2025-07,2025-12,16.04377238360525,False
rumi costume,1703.0,51492.0,16756.5,6,2025-07,2025-12,6.8215724302551095,False
christmas lego sets,1704.0,76904.0,9563.0,4,2025-09,2025-12,,False
the narrow road to the deep north,1708.0,78043.0,24766.0,9,2025-04,2025-12,20.532123411978223,False
wrapping paper christmas,1720.0,79206.0,13837.0,4,2025-09,2025-12,,False
aritzia matching sets,1723.0,104842.0,25909.0,6,2025-07,2025-12,20.077759197324415,False
until dawn,1725.0,125784.0,21045.0,9,2025-04,2025-12,41.46722338204593,False
bear ears,1729.0,185084.0,115834.5,6,2025-07,2025-12,1.6320455845470145,False
sharting survival kit,1732.0,70342.0,28076.0,7,2025-06,2025-12,0.11573575421859773,False
apple watch ultra 3,1746.0,4044.0,3980.5,4,2025-09,2025-12,,False
superman 2025,1756.0,82805.0,13502.0,8,2025-05,2025-12,0.5011064826868004,False
gifts for smart kids,1762.0,67825.0,3958.0,5,2025-08,2025-12,,False
katseye,1764.0,79729.0,5878.5,8,2025-05,2025-12,0.10646820519823387,False
black rice exfoliant,1773.0,89387.0,2764.0,5,2025-08,2025-12,,False
play date,1773.0,14326.0,9171.0,3,2025-10,2025-12,,False
"kids, boys and girls",1790.0,87122.0,5390.5,8,2025-05,2025-12,0.4259874983375449,False
stocking holder,1799.0,143046.0,16754.0,4,2025-09,2025-12,,False
nike clothes for women,1808.0,33183.0,19448.5,4,2025-09,2025-12,,False
after the hunt,1808.0,5146.0,3477.0,2,2025-11,2025-12,,False
planner 2026-2027,1827.0,157813.0,14939.5,6,2025-07,2025-12,0.07295517380634339,False
dexter resurrection,1837.0,122052.0,59629.0,7,2025-06,2025-12,31.59907985540585,False
madden 26 ps5,1844.0,148248.0,6458.0,7,2025-06,2025-12,0.06068901399721089,False
regretting you movie,1850.0,27878.0,14864.0,2,2025-11,2025-12,,False
wic,1861.0,22247.0,8259.0,8,2025-05,2025-12,0.6952817824377457,False
christmas sweater men,1865.0,65291.0,7372.0,3,2025-10,2025-12,,False
tales family edition game,1869.0,78466.0,27354.0,9,2025-04,2025-12,0.058103097090928084,False
christmas music,1880.0,123282.0,21729.0,4,2025-09,2025-12,,False
women's uggs,1885.0,55498.0,3512.0,3,2025-10,2025-12,,False
bear cup with straw,1888.0,52236.0,27062.0,2,2025-11,2025-12,,False
christmas sweatshirt,1898.0,129265.0,18121.0,4,2025-09,2025-12,,False
christmas earrings for women,1900.0,130502.0,17543.5,4,2025-09,2025-12,,True
mens stocking stuffers 2025,1905.0,67653.0,8095.0,3,2025-10,2025-12,,False
anthropologie clothes,1925.0,124289.0,6768.0,7,2025-06,2025-12,30.853203102556737,False
five nights at freddy's 2,1927.0,1927.0,1927.0,1,2025-12,2025-12,,False
mens christmas gifts,1936.0,92802.0,12569.5,4,2025-09,2025-12,,False
k pop demon hunters toys,1950.0,25843.0,5895.0,5,2025-08,2025-12,,False
toddler stocking stuffers,1957.0,113774.0,13574.0,4,2025-09,2025-12,,False
hotel costiera,1963.0,96461.0,16329.0,5,2025-08,2025-12,,False
solar christmas lights,1963.0,198317.0,32137.0,6,2025-07,2025-12,0.057276343942230544,False
the correspondent virginia evans,1964.0,95912.0,12431.0,8,2025-05,2025-12,0.09398647187818514,False
freedom t shirt,1967.0,190552.0,79756.5,4,2025-09,2025-12,,False
miracle on 34th street,1975.0,6840.0,4407.5,2,2025-11,2025-12,,False
christmas napkins,1984.0,153034.0,39808.5,6,2025-07,2025-12,0.047396772037828314,False
arbutin cream,1988.0,183564.0,56214.5,4,2025-09,2025-12,,False
grinch costume adult,2008.0,141636.0,11701.0,5,2025-08,2025-12,,False
virginia giuffre book,2008.0,63756.0,14780.0,5,2025-08,2025-12,,False
stocking stuffers adults,2029.0,45904.0,21980.0,5,2025-08,2025-12,,False
christmas games,2031.0,176627.0,30896.0,5,2025-08,2025-12,,False
planner 2026,2040.0,174423.0,22859.0,7,2025-06,2025-12,0.08186537637660342,False
embroidery stitch book,2050.0,65381.0,21764.0,3,2025-10,2025-12,,False
chocolate advent calendar 2025,2052.0,45391.0,10800.5,4,2025-09,2025-12,,False
christmas stocking,2056.0,138348.0,20578.0,5,2025-08,2025-12,,False
cute white elephant christmas gifts,2059.0,116837.0,71170.0,4,2025-09,2025-12,,False
womens christmas sweater,2065.0,44863.0,6012.0,3,2025-10,2025-12,,False
gifts for golfers,2070.0,24339.0,5653.0,3,2025-10,2025-12,,False
apple airpods pro 3,2072.0,3633.0,3272.0,4,2025-09,2025-12,,False
women's costumes,2086.0,165303.0,108594.0,5,2025-08,2025-12,,False
switch 2 controller,2111.0,180597.0,7022.0,8,2025-05,2025-12,0.4092599256327216,False
mom christmas gifts,2124.0,72940.0,6071.0,3,2025-10,2025-12,,False
kpop demon hunter costume,2160.0,124873.0,106160.0,5,2025-08,2025-12,,False
coolie,2163.0,183342.0,59092.0,5,2025-08,2025-12,,False
family christmas pajamas,2176.0,84421.0,10209.0,5,2025-08,2025-12,,False
freakier friday,2186.0,43590.0,29515.0,5,2025-08,2025-12,,False
jelly bras for women,2187.0,30752.0,4663.0,6,2025-07,2025-12,1.0990321854602745,False
dr melaxin stick,2224.0,52260.0,3198.0,5,2025-08,2025-12,,False
black cherry owala,2225.0,16312.0,4850.0,3,2025-10,2025-12,,False
womens fall fashion 2025,2231.0,68805.0,7360.0,6,2025-07,2025-12,1.5783850061306708,False
christmas party decorations,2249.0,198948.0,33985.0,5,2025-08,2025-12,,False
turkey injector,2253.0,105688.0,46671.0,3,2025-10,2025-12,,False
welcome to derry.,2254.0,78095.0,75501.0,3,2025-10,2025-12,,False
aquarium heaters,2260.0,38374.0,12327.0,4,2025-09,2025-12,,False
micro sd express,2274.0,26900.0,12853.0,9,2025-04,2025-12,5.056644213104716,False
kind patches glp-1 weight loss,2277.0,158571.0,21581.0,9,2025-04,2025-12,0.2591169204130329,False
mira costume kids,2278.0,135975.0,67086.0,5,2025-08,2025-12,,False
elf on the shelf kit,2303.0,62684.0,12322.0,4,2025-09,2025-12,,False
deer antlers headband,2308.0,164617.0,143781.0,5,2025-08,2025-12,,False
arbol de navidad con luces integradas,2317.0,76958.0,11451.0,5,2025-08,2025-12,,False
boston blue,2322.0,4388.0,2568.0,3,2025-10,2025-12,,False
ghost of yotei ps5,2343.0,188776.0,23296.0,9,2025-04,2025-12,0.07202099245583618,False
composition notebook college ruled,2354.0,180246.0,112298.0,7,2025-06,2025-12,8.319363499443389,False
bring her back,2356.0,53327.0,6757.0,7,2025-06,2025-12,9.087618403247632,False
farmers almanac 2026,2358.0,157572.0,36111.0,6,2025-07,2025-12,0.2694074356046187,False
airpod pro 3 case,2364.0,6264.0,3822.5,4,2025-09,2025-12,,False
christmas candles,2367.0,120294.0,16445.0,5,2025-08,2025-12,,False
sinners movie 2025,2380.0,62346.0,24459.0,9,2025-04,2025-12,7.426459438968916,False
derila ergo pillow,2393.0,63306.0,4546.0,7,2025-06,2025-12,0.2869029901231227,False
sheriff country,2409.0,3700.0,3281.0,3,2025-10,2025-12,,False
starbucks bear cup,2411.0,21631.0,12021.0,2,2025-11,2025-12,,False
felt christmas tree for toddlers,2413.0,55218.0,17239.0,5,2025-08,2025-12,,False
acacia wood cake stand with lid,2417.0,17032.0,7598.0,7,2025-06,2025-12,0.7137673425827108,False
outdoor christmas decor,2418.0,96008.0,16532.0,4,2025-09,2025-12,,False
apple watch se 3,2430.0,14156.0,5798.0,4,2025-09,2025-12,,False
fall sweaters for women,2432.0,112421.0,5924.5,6,2025-07,2025-12,0.890697303334929,False
sony wh-1000xm6,2447.0,7852.0,4000.5,8,2025-05,2025-12,1.6816446402349485,False
eternity,2455.0,196169.0,92400.0,7,2025-06,2025-12,0.29200697930827774,False
dad christmas gifts,2483.0,92807.0,10189.0,3,2025-10,2025-12,,False
christmas rug,2483.0,76074.0,13984.5,4,2025-09,2025-12,,False
f1® the movie,2487.0,6190.0,3301.5,4,2025-09,2025-12,,False
code 3,2497.0,12781.0,4483.0,4,2025-09,2025-12,,False
the lost bus,2524.0,40966.0,14472.0,4,2025-09,2025-12,,False
a charlie brown thanksgiving,2525.0,65440.0,33982.5,2,2025-11,2025-12,,False
snidin hair growth spray,2531.0,27252.0,5464.0,5,2025-08,2025-12,,False
christmas plates,2541.0,120688.0,22844.0,4,2025-09,2025-12,,False
heated rivalry book,2557.0,20422.0,11489.5,2,2025-11,2025-12,,False
christmas pillow covers 20x20,2567.0,90443.0,18020.0,4,2025-09,2025-12,,False
christmas paper plates,2571.0,165104.0,32537.5,4,2025-09,2025-12,,False
winter rompers for women,2572.0,59783.0,31177.5,2,2025-11,2025-12,,False
holiday gift,2582.0,26075.0,9918.5,4,2025-09,2025-12,,False
christmas nails,2601.0,123692.0,24136.5,4,2025-09,2025-12,,False
christmas village sets,2603.0,75819.0,13368.0,5,2025-08,2025-12,,False
christmas projector lights outdoor,2611.0,144830.0,18384.0,4,2025-09,2025-12,,False
lynley,2614.0,55014.0,20846.0,4,2025-09,2025-12,,False
fish tank heaters,2642.0,23494.0,11750.0,4,2025-09,2025-12,,False
aritzia dupes,2646.0,14351.0,8498.5,2,2025-11,2025-12,,False
demon hunter gifts,2648.0,8566.0,6000.5,4,2025-09,2025-12,,False
black phone 2,2658.0,10847.0,9358.0,3,2025-10,2025-12,,False
christmas tree star,2659.0,183936.0,31482.0,4,2025-09,2025-12,,False
apple watch 11,2666.0,9508.0,6154.0,4,2025-09,2025-12,,False
gamesir g7 pro,2682.0,80680.0,4573.0,7,2025-06,2025-12,0.3225707257072571,False
gifts for girls 8-12 deals,2684.0,45663.0,3546.0,5,2025-08,2025-12,,False
free people on sale,2690.0,93456.0,8438.0,5,2025-08,2025-12,,False
plus size fall tops,2692.0,135168.0,14531.0,5,2025-08,2025-12,,False
snoop on the stoop,2698.0,84026.0,5771.0,3,2025-10,2025-12,,False
christmas wrapping paper rolls,2702.0,145035.0,18072.0,5,2025-08,2025-12,,False
cedar garland,2709.0,131697.0,17991.0,5,2025-08,2025-12,,False
christmas headbands for women,2720.0,59571.0,8201.0,3,2025-10,2025-12,,False
patience,2727.0,127540.0,44387.0,8,2025-05,2025-12,19.82714711460309,False
boxbollen boxing ball,2730.0,32988.0,17859.0,2,2025-11,2025-12,,False
womens fall tops,2733.0,116249.0,10975.0,6,2025-07,2025-12,0.6459208158368326,False
vintage christmas decor,2763.0,122470.0,25655.5,6,2025-07,2025-12,0.10898976982097186,False
womens fall clothes,2765.0,71494.0,11244.0,5,2025-08,2025-12,,False
christmas door cover,2767.0,150326.0,25266.0,5,2025-08,2025-12,,False
dji neo 2,2775.0,103315.0,5025.0,3,2025-10,2025-12,,False
kids christmas pajamas,2776.0,194393.0,21812.0,5,2025-08,2025-12,,False
christmas shirts,2780.0,103803.0,14337.5,4,2025-09,2025-12,,False
snoring strips men,2784.0,2784.0,2784.0,1,2025-12,2025-12,,False
womens fall dresses,2796.0,118491.0,12553.0,6,2025-07,2025-12,0.8986614232776223,False
santa hats adult,2808.0,82403.0,10050.0,3,2025-10,2025-12,,False
ugly sweater christmas women,2812.0,173967.0,20218.0,4,2025-09,2025-12,,False
67 wrapping paper,2816.0,27976.0,4550.0,3,2025-10,2025-12,,False
christmas hat,2821.0,166582.0,41157.5,4,2025-09,2025-12,,False
iphone 17 air case,2838.0,197836.0,11323.0,5,2025-08,2025-12,,False
dog christmas gifts,2843.0,82209.0,10716.0,3,2025-10,2025-12,,False
stic,2844.0,194267.0,69363.0,7,2025-06,2025-12,20.954073424016382,False
go fucl yourself card game,2847.0,183040.0,10359.5,8,2025-05,2025-12,0.13548800512635667,False
switch 2 accessories,2853.0,44931.0,8615.0,9,2025-04,2025-12,0.15284108173807354,False
gifts for mom christmas,2857.0,37960.0,20408.5,2,2025-11,2025-12,,False
cheerleader costume for girls,2862.0,155619.0,102100.0,5,2025-08,2025-12,,False
kids stocking stuffers,2862.0,168611.0,49582.0,5,2025-08,2025-12,,False
desk organization deals,2867.0,55733.0,19881.0,5,2025-08,2025-12,,False
lumiboard led drawing board,2872.0,166404.0,21253.0,6,2025-07,2025-12,0.09685432108578583,False
secret santa gifts,2903.0,115505.0,7919.0,3,2025-10,2025-12,,False
"women's tops, tees & blouses",2910.0,56379.0,7640.0,9,2025-04,2025-12,0.1616674293797063,False
kids advent calendar 2025,2910.0,142336.0,27478.0,5,2025-08,2025-12,,False
ugly sweater men,2914.0,50548.0,5806.0,3,2025-10,2025-12,,False
the ugly stepsister,2922.0,74055.0,21020.0,9,2025-04,2025-12,7.348673946957878,False
panty & stocking with garterbelt,2924.0,60333.0,15773.0,6,2025-07,2025-12,7.105863624303529,False
the nightmare before christmas movie,2958.0,101965.0,35808.0,6,2025-07,2025-12,1.1643446462570644,False
christmas pjs women,2962.0,138137.0,22117.0,4,2025-09,2025-12,,False
mighty nein,2970.0,72887.0,4993.0,3,2025-10,2025-12,,False
saja boys costume,2978.0,173365.0,12395.0,5,2025-08,2025-12,,False
turkey brine,2980.0,64242.0,49891.0,3,2025-10,2025-12,,False
christmas press on nails,2982.0,118994.0,24305.5,4,2025-09,2025-12,,False
christmas light clips,2984.0,88637.0,23444.0,4,2025-09,2025-12,,False
christmas kitchen towels,2986.0,157058.0,25377.0,5,2025-08,2025-12,,False
sarah's oil,2987.0,109712.0,56349.5,2,2025-11,2025-12,,False
eldritch keri lake,3003.0,115258.0,41728.5,6,2025-07,2025-12,0.8847135340213635,False
airpod pro 3,3008.0,6853.0,4467.5,4,2025-09,2025-12,,False
together,3012.0,145833.0,16846.0,8,2025-05,2025-12,0.09408880141441772,False
rumi wig,3013.0,61893.0,27167.5,6,2025-07,2025-12,4.9645748987854255,False
heads of state,3021.0,182650.0,26484.0,9,2025-04,2025-12,0.45451054960324716,False
elio,3029.0,87995.0,42923.0,7,2025-06,2025-12,0.7327119714583227,False
corduroy dresses,3032.0,78112.0,40572.0,2,2025-11,2025-12,,False
switch 2 carrying case,3051.0,79700.0,25271.0,9,2025-04,2025-12,0.47338153753933765,False
irish blood,3057.0,101421.0,37832.0,5,2025-08,2025-12,,False
christmas curtains,3070.0,116090.0,17546.0,5,2025-08,2025-12,,False
spigen iphone 17 pro max case,3072.0,10975.0,6415.0,4,2025-09,2025-12,,False
womens stocking stuffers,3080.0,96646.0,9728.0,3,2025-10,2025-12,,False
christmas door decorations,3087.0,118514.0,18162.0,4,2025-09,2025-12,,False
small christmas gift bags,3112.0,63845.0,11226.0,3,2025-10,2025-12,,False
your friends & neighbors,3119.0,156393.0,40979.0,9,2025-04,2025-12,29.681511795859414,False
shark turbo blade fan,3127.0,134219.0,30517.0,9,2025-04,2025-12,8.74234884299577,False
the intruder freida mcfadden,3130.0,64863.0,21744.0,8,2025-05,2025-12,0.16229217346770802,False
outdoor christmas decorations yard,3149.0,121827.0,20290.5,4,2025-09,2025-12,,False
john kennedy new book,3155.0,162594.0,23407.5,4,2025-09,2025-12,,False
lipoma treatment for dogs,3171.0,41850.0,13612.5,4,2025-09,2025-12,,False
christmas window decorations,3176.0,114687.0,18525.5,4,2025-09,2025-12,,False
iphone 17 pro max privacy screen protector,3182.0,4971.0,4277.0,4,2025-09,2025-12,,False
luxe foundation,3189.0,30996.0,17092.5,2,2025-11,2025-12,,False
grinch shirt,3194.0,91685.0,11978.0,3,2025-10,2025-12,,False
alo yoga dupe,3197.0,5114.0,4155.5,2,2025-11,2025-12,,False
christmas sweater women,3198.0,126355.0,11480.0,3,2025-10,2025-12,,False
large christmas gift bags,3200.0,95797.0,16829.0,3,2025-10,2025-12,,False
christmas garage door cover,3203.0,126958.0,15330.0,4,2025-09,2025-12,,False
mens christmas pajamas,3211.0,196307.0,30809.0,4,2025-09,2025-12,,False
physical gift cards,3213.0,185078.0,38648.0,9,2025-04,2025-12,0.18401453224341507,False
santa costume,3229.0,82102.0,12171.5,4,2025-09,2025-12,,False
prime memberships,3231.0,57742.0,15299.0,3,2025-10,2025-12,,False
i like me john candy,3231.0,41206.0,14955.0,3,2025-10,2025-12,,False
girls christmas dress,3240.0,92510.0,14277.0,4,2025-09,2025-12,,False
decoracion de navidad,3257.0,45018.0,14978.5,4,2025-09,2025-12,,False
iphone 17 pro max case otterbox,3269.0,4837.0,4055.5,4,2025-09,2025-12,,False
dji mini 5 pro,3270.0,8770.0,4797.5,4,2025-09,2025-12,,False
borderlands 4,3270.0,45945.0,30460.0,7,2025-06,2025-12,0.87971119133574,False
christmas tree garland,3274.0,127564.0,22014.0,4,2025-09,2025-12,,False
67 shirt,3281.0,98471.0,5775.0,5,2025-08,2025-12,,False
screen protector 17 pro max,3282.0,6916.0,3378.5,4,2025-09,2025-12,,False
dog christmas sweater,3294.0,49951.0,6215.0,3,2025-10,2025-12,,False
nintendo switch 2 screen protector,3310.0,49825.0,17694.0,9,2025-04,2025-12,0.3784327145179228,False
christmas wall decor,3315.0,118514.0,22229.5,4,2025-09,2025-12,,False
christmas socks for women,3325.0,59014.0,9121.0,3,2025-10,2025-12,,False
karate kid: legends,3344.0,107666.0,15916.0,6,2025-07,2025-12,11.788334556126193,False
the ascended,3356.0,47523.0,8289.5,4,2025-09,2025-12,,False
advent calendar for teen girls,3359.0,69092.0,13256.0,5,2025-08,2025-12,,False
weapons movie 2025,3373.0,59112.0,12871.0,5,2025-08,2025-12,,False
k-pop demon hunters costume rumi,3379.0,132760.0,41681.0,5,2025-08,2025-12,,False
christmas cards boxed clearance,3384.0,115801.0,27492.5,4,2025-09,2025-12,,False
ugly christmas sweater kids,3391.0,24820.0,14105.5,2,2025-11,2025-12,,False
buckeye patrick ryan,3391.0,64289.0,6457.0,5,2025-08,2025-12,,False
iphone 17 pro max case magsafe,3399.0,6700.0,5770.5,4,2025-09,2025-12,,False
grinch socks,3404.0,164155.0,24545.0,3,2025-10,2025-12,,False
turning point usa merch,3406.0,132343.0,64821.5,4,2025-09,2025-12,,False
needoh advent calendar 2025,3414.0,124491.0,6266.5,4,2025-09,2025-12,,False
grinch tree,3420.0,170857.0,22922.0,5,2025-08,2025-12,,False
christmas outdoor lights,3432.0,162503.0,26555.5,4,2025-09,2025-12,,False
how to test negative for stupid by john kennedy,3440.0,50538.0,18611.0,4,2025-09,2025-12,,False
2026 desk calendar,3446.0,88516.0,14261.5,6,2025-07,2025-12,0.1583071305406228,False
stocking stuffers for teens,3448.0,82426.0,8910.0,3,2025-10,2025-12,,False
holiday sweaters for women,3451.0,65446.0,7878.0,3,2025-10,2025-12,,False
107 days,3451.0,77879.0,31507.5,6,2025-07,2025-12,7.460200668896321,False
stocking stuffers for girls,3463.0,54415.0,7757.0,3,2025-10,2025-12,,False
z fold 7 case,3469.0,13809.0,8066.5,6,2025-07,2025-12,3.4182498560736905,False
j.crew lookalikes holiday,3469.0,160114.0,81791.5,2,2025-11,2025-12,,False
avatar mtg,3472.0,54087.0,16886.0,5,2025-08,2025-12,,False
christmas sheets,3480.0,136300.0,25221.0,5,2025-08,2025-12,,False
yeti camino,3484.0,74114.0,25460.5,8,2025-05,2025-12,1.160096540627514,False
christmas bedding,3485.0,129350.0,33804.0,6,2025-07,2025-12,0.17278672672214163,False
baby clearance deals,3502.0,189629.0,5657.5,6,2025-07,2025-12,23.26483790523691,False
christmas throw pillows,3504.0,177621.0,26245.0,5,2025-08,2025-12,,False
hobonichi 2026,3518.0,50798.0,7632.0,5,2025-08,2025-12,,False
christmas gifts for dad,3523.0,72143.0,10508.0,3,2025-10,2025-12,,False
hunting deals,3530.0,40417.0,11690.0,7,2025-06,2025-12,1.4433704020530367,False
thunderbolts,3533.0,165645.0,24941.0,9,2025-04,2025-12,3.4340023506012116,False
otterbox iphone 17 pro max case,3546.0,5227.0,4399.5,4,2025-09,2025-12,,False
pixel 10 pro case,3550.0,8426.0,5880.0,5,2025-08,2025-12,,False
aa batteries 48 + pack,3555.0,23881.0,8843.5,8,2025-05,2025-12,0.32453092425295343,False
hexclad cookware sets,3556.0,187594.0,13336.5,8,2025-05,2025-12,0.04739722159944864,False
happy new year 2026,3560.0,93739.0,48649.5,2,2025-11,2025-12,,False
christmas shower curtains for bathroom,3566.0,115102.0,21294.5,4,2025-09,2025-12,,False
furniture clearance deals,3574.0,42302.0,6166.5,4,2025-09,2025-12,,False
grinch decor,3575.0,105615.0,22283.0,5,2025-08,2025-12,,False
anthropoligie dupes,3578.0,27403.0,4372.0,3,2025-10,2025-12,,False
velvet christmas ornaments,3581.0,83824.0,19073.0,4,2025-09,2025-12,,False
sanda,3593.0,11273.0,6844.0,3,2025-10,2025-12,,False
the correspondent,3605.0,150350.0,21875.5,8,2025-05,2025-12,0.09907459867799812,False
teacher christmas gifts,3609.0,131250.0,16548.0,3,2025-10,2025-12,,False
video walkie talkies for kids,3613.0,77946.0,7050.5,4,2025-09,2025-12,,False
talamasca: the secret order,3618.0,15137.0,7255.0,3,2025-10,2025-12,,False
christmas gift baskets,3627.0,121492.0,21963.0,3,2025-10,2025-12,,False
nintendo switch 2 controller,3632.0,191246.0,12565.0,8,2025-05,2025-12,0.37877319302132373,False
bett,3638.0,169512.0,24645.0,9,2025-04,2025-12,21.086560715938898,False
stocking stuffer,3641.0,100234.0,10923.0,3,2025-10,2025-12,,False
pixel 10 pro xl case,3653.0,9195.0,6343.0,5,2025-08,2025-12,,False
yeast treatment for dogs,3660.0,133006.0,18242.5,6,2025-07,2025-12,0.4986644480448395,False
christmas sweaters,3666.0,165929.0,22943.0,4,2025-09,2025-12,,False
dark wolf,3669.0,74854.0,38629.5,6,2025-07,2025-12,7.890493878112533,False
life of a showgirl,3673.0,179000.0,33114.0,5,2025-08,2025-12,,False
christmas lingerie,3674.0,73180.0,9562.0,3,2025-10,2025-12,,False
iphone 17 pro max camera lens protector,3678.0,7990.0,5956.0,4,2025-09,2025-12,,False
nintendo switch 2 accessories,3700.0,33131.0,11954.0,9,2025-04,2025-12,0.2623676307886834,False
67 ornament,3702.0,7574.0,5638.0,2,2025-11,2025-12,,False
pie gadgets,3704.0,111984.0,7747.5,4,2025-09,2025-12,,False
funny christmas shirts,3717.0,54600.0,6810.0,3,2025-10,2025-12,,False
boys christmas pajamas,3723.0,155301.0,25688.5,4,2025-09,2025-12,,False
