term,best_rank,median_rank,months_present,trend_ratio,first_month,last_month,is_category
christmas earrings,1210.0,41366.0,6,0.01975273665903314,2025-07,2025-12,True
bracelet maker,10769.0,52873.5,12,0.08007440706867153,2025-01,2025-12,True
copper bracelets for women,4241.0,34162.5,12,0.0847586926844937,2025-01,2025-12,True
kendra scott jewelry,13973.0,57203.0,11,0.10041763239602922,2025-02,2025-12,True
ring conn,16200.0,65150.0,12,0.10325099164389982,2025-01,2025-12,True
women's necklaces,15390.0,78052.5,10,0.1646331434381495,2025-01,2025-12,True
jewelry box for girls,5895.0,44600.0,12,0.17667227325656618,2025-01,2025-12,True
rose in chains,8560.0,43672.0,11,0.19650680682968236,2025-01,2025-12,True
kendra scott cross necklace,24793.0,111483.0,12,0.196748050732164,2025-01,2025-12,True
jewelry making kit for girls 8-12,18153.0,137562.0,12,0.2022935002854329,2025-01,2025-12,True
sunchill float ring,23282.0,63902.0,6,0.21752877197420006,2025-03,2025-08,True
locket necklace,14671.0,82573.0,12,0.2231573504911817,2025-01,2025-12,True
toddler jewelry,36030.0,137595.0,11,0.22503102286828577,2025-02,2025-12,True
copper bracelet for men,9625.0,27280.5,12,0.22889308795274466,2025-01,2025-12,True
girls jewelry box,14308.0,69391.0,12,0.23426225603519538,2025-01,2025-12,True
jewelry set,10548.0,22046.5,12,0.23722999291784702,2025-01,2025-12,True
breast cancer bracelets,30576.0,164984.0,6,0.2384753057044133,2025-03,2025-10,True
girls jewelry,19951.0,105008.5,12,0.25161215552851385,2025-01,2025-12,True
jewelry for girls,31874.0,114620.5,10,0.2544741427752456,2025-02,2025-12,True
david yurman bracelet,28033.0,56883.5,10,0.25472883387275136,2025-01,2025-12,True
kids jewelry,21697.0,103733.5,12,0.2549113268833267,2025-01,2025-12,True
women's earrings,19855.0,94302.5,12,0.26496297031310606,2025-01,2025-12,True
jewelry making kit for girls 4-6,45422.0,150881.5,10,0.28526734019610966,2025-01,2025-12,True
kids jewelry box,24898.0,90145.5,12,0.29021695074343495,2025-01,2025-12,True
gold earrings,1033.0,2929.5,12,0.2937120794263651,2025-01,2025-12,True
sterling silver jewelry,22489.0,83876.5,12,0.3035411582810201,2025-01,2025-12,True
gold hair cuffs,11019.0,62375.0,11,0.3046469598826182,2025-01,2025-11,True
gold earrings hoops,42096.0,118803.5,12,0.3103477363718359,2025-01,2025-12,True
ring conn gen 2,34429.0,87152.5,12,0.31938572690560324,2025-01,2025-12,True
kendra scott necklace,541.0,2059.5,12,0.32903587443946186,2025-01,2025-12,True
kindle charms,24021.0,53031.5,12,0.3297402202632871,2025-01,2025-12,True
gold necklace,1893.0,5043.5,12,0.3322843656129309,2025-01,2025-12,True
jewelry for teens,55733.0,135808.0,10,0.3337313307777708,2025-01,2025-12,True
earrings for girls 8-12,31840.0,151683.5,12,0.33833540185791117,2025-01,2025-12,True
napkin rings set of 12,22686.0,137685.5,12,0.33935411956794775,2025-01,2025-12,True
hope rings,49756.0,98140.5,10,0.3454378812300496,2025-03,2025-12,True
women's jewelry sets,59844.0,71588.0,7,0.3492237369595265,2025-04,2025-12,True
kendra scott bracelet,4525.0,15339.0,12,0.35119047619047616,2025-01,2025-12,True
infinity necklace,41972.0,79523.0,11,0.35199991153280474,2025-01,2025-12,True
bracelet making kit for girls 8-12,7506.0,52358.5,12,0.3522460463762492,2025-01,2025-12,True
jewelry making kit,6937.0,23706.0,12,0.3526365348399247,2025-01,2025-12,True
magnetic necklace clasps and closures,15722.0,45781.5,12,0.3569100297112528,2025-01,2025-12,True
necklace extender,12103.0,34106.5,12,0.3578312056032984,2025-01,2025-12,True
cubic zirconia earrings,45305.0,61349.0,10,0.3606035968649387,2025-03,2025-12,True
little girl jewelry,41126.0,172862.0,12,0.36144362751949904,2025-01,2025-12,True
fahlo animal tracking bracelet,14528.0,52433.0,12,0.3631704698916167,2025-01,2025-12,True
bracelet making kit,631.0,1650.0,12,0.363943661971831,2025-01,2025-12,True
mirror jewelry cabinet,58266.0,143066.0,12,0.36478717204227684,2025-01,2025-12,True
hypoallergenic earrings,12846.0,39074.5,12,0.37105402262395604,2025-01,2025-12,True
kendra scott necklace silver,58591.0,178449.5,10,0.37749918610119215,2025-01,2025-12,True
scrolling ring,24978.0,92807.0,12,0.3791951536131545,2025-01,2025-12,True
jewelry sets for women,14599.0,33149.5,12,0.3793491842804597,2025-01,2025-12,True
arm cuff jewelry for women,22294.0,31872.0,9,0.38092961550873083,2025-01,2025-09,True
studded bracelet,43280.0,86133.5,12,0.38468375335661426,2025-01,2025-12,True
summer jewelry,34788.0,58745.0,7,0.3881475747142828,2025-01,2025-07,True
chain belts for women,30489.0,99636.0,9,0.38899763130646925,2025-04,2025-12,True
engagement ring,10449.0,16316.5,12,0.38975536129803157,2025-01,2025-12,True
mustard seed necklace,52083.0,133285.0,9,0.3899276753747655,2025-02,2025-12,True
birthstone necklace,26448.0,103357.0,12,0.3912175315181339,2025-01,2025-12,True
ora ring,41766.0,106557.5,12,0.3917925135986258,2025-01,2025-12,True
coach bag charm,25302.0,79736.0,12,0.39406232134886016,2025-01,2025-12,True
sex hand cuff bracelets,45571.0,80048.0,12,0.3960858863502557,2025-01,2025-12,True
enewton bracelets,45807.0,130243.0,11,0.3973580402231615,2025-02,2025-12,True
mini travel jewelry bag,14471.0,90614.0,6,0.3973733298629186,2025-07,2025-12,True
swarovski necklace,26853.0,58318.0,12,0.39848940208794686,2025-01,2025-12,True
clay beads for bracelets,58784.0,98055.0,12,0.4009870728207504,2025-01,2025-12,True
earrings for girls,9650.0,35603.0,12,0.4011108767489278,2025-01,2025-12,True
gold plated necklace,48683.0,102038.0,12,0.4033886465184326,2025-01,2025-12,True
pavoi necklace gold,48363.0,87385.0,9,0.4063599731363331,2025-04,2025-12,True
small jewelry travel case,42537.0,85919.5,12,0.4072047662530126,2025-01,2025-12,True
wine glass charms,21159.0,75483.5,12,0.407325004278624,2025-01,2025-12,True
necklace for girls,26104.0,90071.5,12,0.4096367959756548,2025-01,2025-12,True
rose gold jewelry,65755.0,99705.5,12,0.41081651879535785,2025-01,2025-12,True
cool maker bracelet maker,3961.0,8551.0,6,0.4124073935493527,2025-07,2025-12,True
silver cross necklace,31784.0,95082.5,12,0.4137616461266862,2025-01,2025-12,True
jewelry boxes,17917.0,40382.5,12,0.4147510340439071,2025-01,2025-12,True
kate spade jewelry,24622.0,65348.0,12,0.4152807905519402,2025-01,2025-12,True
blood pressure cuff wrist,13388.0,19550.0,12,0.4168911119661408,2025-01,2025-12,True
bead bracelet making kit,39507.0,81156.0,7,0.4172171995589857,2025-06,2025-12,True
bracelet stack,10597.0,20927.5,12,0.4176247541415739,2025-01,2025-12,True
gold necklace stack,19039.0,31798.0,12,0.41799289587783944,2025-01,2025-12,True
cross necklace for girls,24511.0,74719.0,12,0.42371304004774574,2025-01,2025-12,True
jewelry cleaner solution,21115.0,49103.5,12,0.42413448930465586,2025-01,2025-12,True
men's bracelets,20146.0,93642.0,12,0.4286209745697877,2025-01,2025-12,True
kids jewelry for girls,46528.0,146613.5,12,0.4287875557878377,2025-01,2025-12,True
cross necklace for women gold,41354.0,110289.5,12,0.42974773204021033,2025-01,2025-12,True
wine charms,40670.0,142773.0,12,0.43196132677988053,2025-01,2025-12,True
eyeglass chain,61236.0,132305.5,12,0.43279080281599175,2025-01,2025-12,True
rose gold necklace,37657.0,54088.5,12,0.4370480609297032,2025-01,2025-12,True
kendra scott earrings,5838.0,19224.5,12,0.4373785359533578,2025-01,2025-12,True
dainty gold necklace,52046.0,104203.0,12,0.4380640569395018,2025-01,2025-12,True
necklace,1441.0,3330.5,12,0.4385348720521826,2025-01,2025-12,True
ring tightener,76871.0,167782.0,11,0.4416917639242126,2025-01,2025-12,True
silver arm cuff,11866.0,45689.0,9,0.44225891901031394,2025-02,2025-10,True
cuban link chain,64321.0,169602.0,12,0.4424673846057428,2025-01,2025-12,True
girls earrings ages 8-12 hypoallergenic,47603.0,155217.0,12,0.44615102974828375,2025-01,2025-12,True
jewelry box organizer,61370.0,121448.0,12,0.44688668345855487,2025-01,2025-12,True
cross necklace for boys,16639.0,60116.0,12,0.4499971661754704,2025-01,2025-12,True
pandora earrings,44066.0,125545.0,12,0.4538442380380322,2025-01,2025-12,True
jewelry gift boxes,34066.0,126415.0,7,0.4561846618294314,2025-01,2025-12,True
girls earrings,26642.0,80480.0,12,0.45731525180715693,2025-01,2025-12,True
jewelry,572.0,1139.0,12,0.45990063875088716,2025-01,2025-12,True
jewelry gift box,18185.0,82786.5,12,0.4601316014873185,2025-01,2025-12,True
14k gold earrings,45153.0,131211.0,12,0.46052999605550976,2025-01,2025-12,True
gold jewelry,3536.0,5909.5,12,0.4608267947066401,2025-01,2025-12,True
girls bracelets,33515.0,112203.0,12,0.46246387785693316,2025-01,2025-12,True
jewelry box,330.0,1445.0,12,0.4651924651924652,2025-01,2025-12,True
coach charms,44992.0,112679.0,11,0.46672990849152524,2025-02,2025-12,True
earrings studs,19622.0,30343.0,12,0.4684240664239846,2025-01,2025-12,True
kids bracelet making kit,80835.0,161791.0,6,0.46864737165497805,2025-06,2025-12,True
bracelets for girls,26231.0,75088.0,12,0.46881933479871624,2025-01,2025-12,True
gold bracelets,6605.0,15599.0,12,0.46960969911789585,2025-01,2025-12,True
jewelry organizer box,44715.0,115101.5,12,0.47017064461832087,2025-01,2025-12,True
silver necklace,7088.0,14805.5,12,0.4703,2025-01,2025-12,True
opal necklace,39335.0,98412.0,12,0.4714347489415622,2025-01,2025-12,True
bangle bracelets,52715.0,74302.5,12,0.47238098065703726,2025-01,2025-12,True
ours ring,44749.0,98811.0,12,0.4756716684027289,2025-01,2025-12,True
necklace gift box,28170.0,139773.0,11,0.4816816427158011,2025-01,2025-12,True
aura rings for women,59067.0,109070.0,9,0.4819373027930349,2025-01,2025-12,True
ana luisa jewelry,49567.0,136951.5,12,0.482465588578305,2025-01,2025-12,True
emerald necklace,62190.0,135079.0,10,0.4831185985693818,2025-02,2025-12,True
rubber band bracelet making kit,66529.0,118237.0,12,0.4858582594972102,2025-01,2025-12,True
clip on earrings for girls,15231.0,43771.0,12,0.4861957309019641,2025-01,2025-12,True
sterling silver cross necklace,53338.0,126844.0,12,0.49056900987730667,2025-01,2025-12,True
beach necklace,47989.0,73399.5,8,0.49368317988724475,2025-01,2025-08,True
orange earrings,54918.0,84760.0,9,0.49858759905258426,2025-02,2025-10,True
necklace for boys,51304.0,157544.0,12,0.49909158477165744,2025-01,2025-12,True
mystery jewelry jar,25455.0,49272.0,12,0.5001867539180972,2025-01,2025-12,True
travel jewelry case,2592.0,7117.5,12,0.5009034589571503,2025-01,2025-12,True
jewelry boxes for women,5167.0,21702.5,12,0.5017291540868419,2025-01,2025-12,True
glow necklaces,31636.0,107938.0,11,0.5036884387006636,2025-01,2025-11,True
earring lifters,19822.0,66880.5,12,0.5058906151464772,2025-01,2025-12,True
womens necklace,57130.0,146121.5,12,0.5070555736627538,2025-01,2025-12,True
statement earrings,27266.0,62184.5,12,0.5080726839439976,2025-01,2025-12,True
jewelry case,52277.0,118005.5,12,0.5081924740722131,2025-01,2025-12,True
bag charm kit,34957.0,135708.5,8,0.5095620463967121,2025-02,2025-12,True
ultra human ring,24960.0,39467.5,12,0.5137366408471419,2025-01,2025-12,True
mens cross necklace,38584.0,99431.0,12,0.5160369730312495,2025-01,2025-12,True
swarovski bracelet,33423.0,59349.0,12,0.516513176802829,2025-01,2025-12,True
glow bracelets,34657.0,112750.0,11,0.5181871286705515,2025-01,2025-11,True
garden hoops,43680.0,75864.0,7,0.5183300151190815,2025-01,2025-07,True
gold chain necklace,50973.0,96587.5,12,0.5215242221346987,2025-01,2025-12,True
necklace stack,26994.0,49508.0,12,0.522036233848378,2025-01,2025-12,True
jewelry stand,15733.0,26579.0,12,0.5248260375370797,2025-01,2025-12,True
big pearl earrings,70520.0,126879.0,12,0.5264000577839842,2025-01,2025-12,True
ora rings for women,36840.0,71160.0,12,0.5266239197100642,2025-01,2025-12,True
earring organizer,7075.0,16057.5,12,0.5267316145895212,2025-01,2025-12,True
stick on earrings,50234.0,106298.0,12,0.5275471416163107,2025-01,2025-12,True
rubber band bracelet kit,11930.0,16590.5,12,0.5303991647257248,2025-01,2025-12,True
ring resizer,78698.0,158983.0,12,0.5347855923504024,2025-01,2025-12,True
jewelry box for women,59070.0,180503.0,7,0.5361129731915814,2025-01,2025-12,True
mini jewelry travel case,47550.0,107681.5,12,0.5377268958352064,2025-01,2025-12,True
alex and ani bracelets,41874.0,166055.0,11,0.5381144296081104,2025-01,2025-12,True
cooper bracelet for women,76879.0,107636.0,9,0.5381627432112094,2025-04,2025-12,True
gold napkin rings,17853.0,51415.5,12,0.5387684634567428,2025-01,2025-12,True
vintage jewelry box,31902.0,106521.5,12,0.5391583217407002,2025-01,2025-12,True
necklace display,27438.0,46331.5,12,0.5396582244008714,2025-01,2025-12,True
fitness rings for women,59712.0,90895.5,12,0.5409048308767147,2025-01,2025-12,True
sterling silver bracelet,28628.0,56205.0,12,0.5409513717178853,2025-01,2025-12,True
bag chain,35022.0,57005.0,12,0.5416597127458006,2025-01,2025-12,True
scarf ring,54904.0,64189.0,12,0.5424943367959352,2025-01,2025-12,True
earrings,504.0,984.5,12,0.5424954792043399,2025-01,2025-12,True
gold chain,7044.0,12190.5,12,0.5425772969812148,2025-01,2025-12,True
bracelet display stand,90347.0,143911.0,11,0.5435056746532156,2025-01,2025-11,True
elden ring merch,35357.0,131527.0,11,0.5445781109262171,2025-01,2025-12,True
silver bracelets,18014.0,39208.5,12,0.5461501312969727,2025-01,2025-12,True
beach jewelry,44250.0,72346.0,8,0.5472503409818421,2025-01,2025-08,True
earring pack,90411.0,142508.0,12,0.5521137558411215,2025-01,2025-12,True
jewelry silver,85279.0,116619.0,11,0.5523862635377917,2025-02,2025-12,True
toddler bracelets,69748.0,116627.0,11,0.5530120223118068,2025-02,2025-12,True
birthstone bracelet,46969.0,156446.5,8,0.5532291746389251,2025-05,2025-12,True
alice in chains vinyl,36468.0,86985.0,12,0.553775777150958,2025-01,2025-12,True
kendra scott ring,33519.0,68554.5,12,0.5540985077304943,2025-01,2025-12,True
earrings silver,49092.0,83326.5,12,0.5547535154702109,2025-01,2025-12,True
necklace sets for women,85858.0,175406.5,10,0.5549526747343722,2025-03,2025-12,True
football earrings,16216.0,88423.0,7,0.5565568676196395,2025-01,2025-11,True
cross necklace gold,52626.0,92836.0,12,0.556922819936385,2025-01,2025-12,True
standing jewelry box,98612.0,165818.0,6,0.5592735003611137,2025-01,2025-12,True
gold bangles,5570.0,7699.0,12,0.5610659610659611,2025-01,2025-12,True
bangles,10227.0,17470.0,12,0.5612797425662923,2025-01,2025-12,True
enewton bracelets for women,26309.0,37661.0,12,0.5624065949959023,2025-01,2025-12,True
studs,29729.0,44686.5,12,0.5648472365259183,2025-01,2025-12,True
rose gold bracelet,70299.0,124506.0,11,0.5667720371042131,2025-02,2025-12,True
14k gold necklace,75373.0,113043.0,7,0.5676752793215069,2025-01,2025-12,True
silver bangles,23134.0,33366.5,12,0.5684916404010533,2025-01,2025-12,True
dainty necklace,55328.0,80683.5,12,0.57082967874292,2025-01,2025-12,True
earring backs for droopy ears,12920.0,35840.5,12,0.5710163686864601,2025-01,2025-12,True
girls necklace,52186.0,152271.0,6,0.572962962962963,2025-02,2025-12,True
stainless steel jewelry,52832.0,94579.5,12,0.5747614363859123,2025-01,2025-12,True
silver belt chain,79985.0,125541.5,6,0.576631971045888,2025-05,2025-10,True
silver jewelry,4457.0,6414.5,12,0.5777798403564136,2025-01,2025-12,True
gold toe rings for women,53471.0,87670.0,6,0.5780189715067409,2025-03,2025-08,True
gothic jewelry,22651.0,50089.5,12,0.5783486806469086,2025-01,2025-12,True
earrings gold,35364.0,56557.0,12,0.5807978363759296,2025-01,2025-12,True
rolling pin with thickness rings,16584.0,67833.5,12,0.5809857727696486,2025-01,2025-12,True
swarovski ring,83114.0,129725.5,12,0.5810503273513571,2025-01,2025-12,True
bridal jewelry,87227.0,126271.0,10,0.5816072958746481,2025-01,2025-10,True
chains for boys,65065.0,117797.0,12,0.5816205106014712,2025-01,2025-12,True
cross necklace for women silver,20068.0,59059.0,12,0.5827199811276245,2025-01,2025-12,True
womens cross necklace,36835.0,118473.0,12,0.5856097317472142,2025-01,2025-12,True
fire ring,49929.0,80459.5,12,0.5862034506069423,2025-01,2025-12,True
pandora bracelet,4207.0,11797.5,12,0.5876270279907292,2025-01,2025-12,True
fidget rings,17929.0,27263.0,12,0.5892109500805153,2025-01,2025-12,True
pandora charms clearance,26581.0,96595.0,12,0.5902338285257478,2025-01,2025-12,True
shower curtain rings,3949.0,8059.0,12,0.5907888937858087,2025-01,2025-12,True
plastic chain,71384.0,117401.0,11,0.5923870662284855,2025-01,2025-11,True
health rings for women,47277.0,89409.0,12,0.5930730329203463,2025-01,2025-12,True
silver chain necklace,73697.0,119839.0,7,0.5931866524489307,2025-05,2025-12,True
goth jewelry,79096.0,121441.5,12,0.5952311272767814,2025-01,2025-12,True
gold body chain,50624.0,92168.0,10,0.5954645544069974,2025-01,2025-10,True
waist chain belt,73369.0,116249.0,7,0.5969253843269592,2025-05,2025-12,True
huggie hoop earrings,99715.0,115250.0,6,0.5985215565000248,2025-07,2025-12,True
the book of five rings,76816.0,137970.5,12,0.5989365690718839,2025-01,2025-12,True
necklaces,8093.0,13225.5,12,0.599243726366449,2025-01,2025-12,True
opal earrings,33840.0,59159.5,12,0.599387670666115,2025-01,2025-12,True
statement necklace,29783.0,62384.0,12,0.6015411816407248,2025-01,2025-12,True
mens jewelry,9748.0,24051.5,12,0.6023654305154786,2025-01,2025-12,True
moon necklace,79216.0,132450.5,12,0.6030565254794797,2025-01,2025-12,True
necklace gold,71550.0,107015.0,12,0.6034408796369466,2025-01,2025-12,True
bracelet,5651.0,11344.0,12,0.6038712581589016,2025-01,2025-12,True
wedding jewelry,53356.0,80777.0,11,0.6054212028245951,2025-01,2025-11,True
charm bracelets for women,14833.0,32912.0,12,0.6072555558042209,2025-01,2025-12,True
kandi bracelet kit,51512.0,72132.0,12,0.6078978307475967,2025-01,2025-12,True
earrings for sensitive ears women,25799.0,44274.0,11,0.6084000927792745,2025-02,2025-12,True
butterfly necklace,31857.0,51664.0,12,0.6085589092963252,2025-01,2025-12,True
stainless steel necklace,58644.0,74896.5,12,0.609204077364444,2025-01,2025-12,True
swarovski jewelry for women,6560.0,10928.0,12,0.6094364351245085,2025-01,2025-12,True
pandora bracelet charms,39224.0,118961.5,12,0.6094660029798185,2025-01,2025-12,True
bracelet set,77726.0,123369.5,12,0.6098499897253237,2025-01,2025-12,True
friendship bracelet making kit,76331.0,185519.0,7,0.6123424644377808,2025-01,2025-12,True
necklace making kit,69698.0,95571.0,12,0.6126000223602881,2025-01,2025-12,True
necklace for women,15422.0,47040.5,12,0.613612543495577,2025-01,2025-12,True
jewelry gold,71208.0,126549.5,12,0.6136795621168165,2025-01,2025-12,True
elden ring,13570.0,24317.5,12,0.6165113182423435,2025-01,2025-12,True
stackable bracelets for women,40175.0,57609.5,12,0.6170903079148584,2025-01,2025-12,True
bracelet kit,11145.0,18485.0,12,0.6171640612663825,2025-01,2025-12,True
kids earrings,56730.0,103840.5,12,0.617458040720526,2025-01,2025-12,True
personalized necklace,60689.0,158193.0,11,0.61958493738661,2025-01,2025-12,True
earring hooks,32350.0,55674.0,12,0.6198288038391505,2025-01,2025-12,True
gold chunky earrings,91652.0,140289.0,11,0.6203478544110792,2025-02,2025-12,True
bala bangles,7594.0,12500.0,12,0.6211887896519864,2025-01,2025-12,True
silver hoop earrings,15454.0,25326.5,12,0.6245982860203535,2025-01,2025-12,True
wooden jewelry box,47317.0,95017.5,12,0.625837299963385,2025-01,2025-12,True
wwe ring playset,84500.0,179373.5,6,0.6264426368247705,2025-02,2025-12,True
small silver hoop earrings,73603.0,126710.5,12,0.6280392638425644,2025-01,2025-12,True
chain necklace men,66332.0,122646.5,12,0.6296718747758218,2025-01,2025-12,True
magnetic phone ring,65796.0,95604.5,12,0.6298788812265901,2025-01,2025-12,True
napkin rings,3573.0,13220.5,12,0.6308214628385859,2025-01,2025-12,True
mens jewelry organizer,72430.0,166660.0,9,0.6312791460309755,2025-04,2025-12,True
jewelry pliers,14499.0,26702.5,12,0.6318428606010306,2025-01,2025-12,True
turquoise jewelry,69142.0,117394.0,12,0.6333216878226777,2025-01,2025-12,True
hair charms for braids,57338.0,134931.0,6,0.6335707566187341,2025-03,2025-08,True
boho jewelry,25436.0,91083.0,12,0.6340233295125076,2025-01,2025-12,True
septum jewelry,17284.0,28161.5,12,0.6348314606741573,2025-01,2025-12,True
jewelry cabinet,34596.0,80874.5,12,0.6368111672836804,2025-01,2025-12,True
black stud earrings,81672.0,165925.0,11,0.6373985290436399,2025-01,2025-12,True
swarovski earrings,18902.0,35638.5,12,0.6376113928765867,2025-01,2025-12,True
harry potter jewelry,87064.0,168726.0,11,0.6377025473252492,2025-01,2025-12,True
birthstone necklace for women,11476.0,43980.5,12,0.6377438773783333,2025-01,2025-12,True
womens jewelry,14321.0,41282.0,12,0.637817773327798,2025-01,2025-12,True
travel jewelry box,25923.0,56217.0,12,0.6379914294350896,2025-01,2025-12,True
earrings hoops,81565.0,116541.0,12,0.638237985205403,2025-01,2025-12,True
permanent jewelry starter kit,21002.0,34170.0,12,0.6391386159314238,2025-01,2025-12,True
cubic zirconia ring,91311.0,112563.0,7,0.639332416493788,2025-01,2025-12,True
e newton bracelets for women,49843.0,78507.5,12,0.640117875020184,2025-01,2025-12,True
jewelry mirror,74873.0,135162.5,12,0.6408083686400959,2025-01,2025-12,True
earring cards,52445.0,89950.0,12,0.6418966523743382,2025-01,2025-12,True
cat earrings,36213.0,98305.0,12,0.6419871449954508,2025-01,2025-12,True
key rings bulk,72527.0,85533.0,12,0.6429935676494478,2025-01,2025-12,True
mother daughter bracelets,22969.0,76675.0,12,0.6437182597003807,2025-01,2025-12,True
horseshoe nose ring,17429.0,34146.5,12,0.6442743843049952,2025-01,2025-12,True
gymnastics rings,64068.0,91608.0,12,0.645028170179131,2025-01,2025-12,True
initial necklace,8037.0,19901.5,12,0.6454986295593507,2025-01,2025-12,True
earrings for women gold,63251.0,123032.0,12,0.6472484902844683,2025-01,2025-12,True
sterling silver chain for men,48902.0,98528.5,12,0.6476680197019045,2025-01,2025-12,True
western jewelry,43702.0,53028.0,12,0.6498112624160988,2025-01,2025-12,True
earring sets,44166.0,66930.5,12,0.6499433588218635,2025-01,2025-12,True
opal rings for women,68439.0,113323.5,12,0.6515191964360202,2025-01,2025-12,True
birthstone bracelets for women,27178.0,106637.5,12,0.6521326308342487,2025-01,2025-12,True
jewelry pouch,74680.0,146663.0,12,0.6527580415966929,2025-01,2025-12,True
loom bracelet kit,26145.0,38991.5,12,0.6527824058647118,2025-01,2025-12,True
gold cross necklace,15259.0,29254.5,12,0.6530422796703143,2025-01,2025-12,True
ultrasonic jewelry cleaner,6163.0,12130.0,12,0.6541579105373762,2025-01,2025-12,True
gold stud earrings,21605.0,38908.5,12,0.6542916992655781,2025-01,2025-12,True
diamond stud earrings,66563.0,114806.5,12,0.6556356841731396,2025-01,2025-12,True
jewelry cleaner ultrasonic machine,10158.0,32469.5,12,0.6564595257563369,2025-01,2025-12,True
napkin rings set of 6,75641.0,176853.0,7,0.6588975024455339,2025-01,2025-12,True
earring set,36110.0,50740.0,12,0.659244458743248,2025-01,2025-12,True
coach jewelry,61076.0,185764.0,6,0.6592943513929242,2025-01,2025-12,True
brooches for women,38765.0,78608.5,12,0.6606222876430728,2025-01,2025-12,True
pants chain,30736.0,66026.5,12,0.6625339725776407,2025-01,2025-12,True
jewelry dish,17489.0,32543.0,12,0.6635568668101959,2025-01,2025-12,True
rubberband bracelet making kit,66007.0,97468.0,11,0.664468329140151,2025-02,2025-12,True
sticki rolls bracelet,67248.0,102564.5,10,0.6644721057228136,2025-01,2025-12,True
jewelry box travel,47957.0,93566.0,12,0.6647187083447357,2025-01,2025-12,True
tennis bracelet,21973.0,30261.0,12,0.6651610634787548,2025-01,2025-12,True
stacking rings,53190.0,80436.0,12,0.6654400993753882,2025-01,2025-12,True
bracelet box,73954.0,171480.0,9,0.6673318925849714,2025-01,2025-12,True
gothic necklace,43093.0,138244.0,11,0.667900299233113,2025-02,2025-12,True
peace sign necklace,54702.0,163812.0,10,0.6680020849495734,2025-01,2025-10,True
crystal necklace,50963.0,79628.5,12,0.6683887936500481,2025-01,2025-12,True
ours ring gen 4,28735.0,62838.5,12,0.6701191370612858,2025-01,2025-12,True
women jewelry,41574.0,87671.5,12,0.6719536327383404,2025-01,2025-12,True
toddler jewelry age 2-4,66439.0,116116.0,12,0.6736150770988006,2025-01,2025-12,True
mom necklace for women,41364.0,108963.0,8,0.6752221932988732,2025-01,2025-12,True
small travel jewelry case,97212.0,188498.0,7,0.6757843584547316,2025-01,2025-12,True
cross necklace,3358.0,6341.5,12,0.6768916155419223,2025-01,2025-12,True
ring,641.0,1582.5,12,0.6772068511198946,2025-01,2025-12,True
pearl hoop earrings,84061.0,117203.5,12,0.6778615103449832,2025-01,2025-12,True
necklace set,74039.0,91487.5,12,0.6778780826838677,2025-01,2025-12,True
hoop earrings for girls,76016.0,167491.5,6,0.6792779196656605,2025-04,2025-12,True
silver bracelet,15650.0,22590.0,12,0.679900956284153,2025-01,2025-12,True
wella color charm,40166.0,70406.0,12,0.6806404163837972,2025-01,2025-12,True
green necklace,96740.0,172442.0,9,0.6808748601963465,2025-02,2025-12,True
gold choker necklace,63016.0,142373.0,8,0.6821270922826248,2025-05,2025-12,True
chain saw sharpener tool,47553.0,76330.5,12,0.6836044112099763,2025-01,2025-12,True
silver napkin rings,81450.0,159728.0,9,0.6843321145948111,2025-01,2025-12,True
rosary necklace,73053.0,132139.0,11,0.6843438599161715,2025-02,2025-12,True
locket necklace for girls,69351.0,153540.5,10,0.6848617556703053,2025-01,2025-12,True
wedding ring,22227.0,33895.5,12,0.6852053190599648,2025-01,2025-12,True
earring holder,18365.0,28084.0,12,0.6858437935843794,2025-01,2025-12,True
ring pro,74415.0,152262.0,12,0.6862990729855263,2025-01,2025-12,True
pandora charm bracelet,51007.0,126750.0,12,0.6868167145226588,2025-01,2025-12,True
toe rings for women gold,84454.0,130662.5,8,0.6875343044786666,2025-01,2025-08,True
mens cross necklaces,13605.0,31878.5,12,0.6875350016211277,2025-01,2025-12,True
fidget ring women,13820.0,24974.0,12,0.6882912430305018,2025-01,2025-12,True
gothic earrings,52506.0,132332.0,12,0.6908371583623544,2025-01,2025-12,True
bridal earrings,71471.0,83722.0,10,0.6912869162572703,2025-01,2025-10,True
green lantern ring,38325.0,98116.0,12,0.6914551094029197,2025-01,2025-12,True
bracelet making kit for adults,56121.0,85168.5,12,0.6920824248642641,2025-01,2025-12,True
bracelets for women trendy,43246.0,62907.0,12,0.6922840424476843,2025-01,2025-12,True
hair jewelry for women braids,90540.0,131215.0,7,0.6936729162110398,2025-02,2025-08,True
hematite bracelet,71300.0,89891.0,8,0.6937740067648913,2025-05,2025-12,True
groove life ring,62940.0,73262.0,12,0.6940590004095863,2025-01,2025-12,True
hypoallergenic earrings for girls,25048.0,42110.5,12,0.69485969924479,2025-01,2025-12,True
women's rings,51404.0,95749.5,12,0.6956454201832962,2025-01,2025-12,True
gld chains men,86668.0,167464.5,6,0.6959912722545902,2025-07,2025-12,True
gold earring set,57413.0,85425.5,12,0.6982021684418439,2025-01,2025-12,True
elden ring ps5,20703.0,51171.0,12,0.699116544141014,2025-01,2025-12,True
pinky ring,27348.0,41986.0,12,0.6996459648524143,2025-01,2025-12,True
anxiety ring,11764.0,21279.5,12,0.7014589582765203,2025-01,2025-12,True
ring garage door opener,73862.0,134862.5,12,0.7019767639641772,2025-01,2025-12,True
purse chain,30708.0,52225.0,12,0.7032675175668908,2025-01,2025-12,True
hug ring,65730.0,129526.0,6,0.7033164095307995,2025-07,2025-12,True
chunky necklace,30075.0,51200.0,12,0.7038027633413614,2025-01,2025-12,True
necklace with initials,71308.0,173918.0,9,0.7044369231103553,2025-02,2025-12,True
gold rings non tarnish,61351.0,80106.5,12,0.7046092720291875,2025-01,2025-12,True
coach bag charms,65366.0,159696.5,8,0.7048054664621392,2025-01,2025-12,True
bracelet display,42645.0,71800.0,12,0.7048364153627311,2025-01,2025-12,True
baseball necklace,16802.0,25069.0,12,0.7050148287948234,2025-01,2025-12,True
christian jewelry for women,76196.0,150569.0,12,0.7069491298228369,2025-01,2025-12,True
gold initial necklace,87960.0,138775.0,10,0.7071274014034836,2025-01,2025-12,True
vortex scope rings,99780.0,116690.0,7,0.709122286939034,2025-01,2025-12,True
light up rings,69379.0,148569.0,11,0.7119303839511093,2025-01,2025-11,True
jesus bracelets,32081.0,59418.5,12,0.7126829559710854,2025-01,2025-12,True
gold dangle earrings,37857.0,102968.0,12,0.714106445846861,2025-01,2025-12,True
pearl bracelet,19996.0,35508.0,12,0.7142598475745255,2025-01,2025-12,True
custom necklace,26903.0,64279.0,12,0.7145020825444908,2025-01,2025-12,True
tennis necklace,30794.0,44268.5,12,0.7147260808490713,2025-01,2025-12,True
ring smoke detector,68753.0,99257.5,12,0.7160964804331774,2025-01,2025-12,True
jewelry travel organizer,83167.0,110988.0,12,0.7162477733035941,2025-01,2025-12,True
diamond earrings,27411.0,51667.5,12,0.7179714129677407,2025-01,2025-12,True
helix earrings,46547.0,72629.0,12,0.7182182113329023,2025-01,2025-12,True
red necklace,44808.0,93604.0,12,0.7184435504148856,2025-01,2025-12,True
ring sizing kit,78667.0,102794.0,12,0.7190619795651978,2025-01,2025-12,True
jewelry storage,39403.0,63556.0,12,0.7210142953154233,2025-01,2025-12,True
pavoi tennis bracelet,24412.0,71662.0,12,0.7210225222903675,2025-01,2025-12,True
cat necklace,54078.0,134971.0,12,0.7210599510233697,2025-01,2025-12,True
earring,37185.0,48363.0,12,0.7214552636164734,2025-01,2025-12,True
charm bracelet kit,57786.0,86051.5,12,0.721496716098222,2025-01,2025-12,True
bracelet making,76956.0,105238.0,12,0.7222355707347212,2025-01,2025-12,True
bug repellent bracelets,15357.0,60723.0,9,0.7230862973520056,2025-02,2025-10,True
gold toe ring,67664.0,85636.0,8,0.7233558139170982,2025-02,2025-09,True
mens jewelry box,17739.0,52136.0,12,0.7266817945445091,2025-01,2025-12,True
slap bracelets bulk,88377.0,174436.0,7,0.7276822941443131,2025-03,2025-12,True
belt chain,36755.0,70791.0,12,0.7283714491288469,2025-01,2025-12,True
chain saw,26779.0,32030.5,12,0.7284951466805024,2025-01,2025-12,True
stainless steel bracelet,93379.0,130361.5,12,0.7300536917342089,2025-01,2025-12,True
enso rings,76554.0,121442.5,12,0.7308207523261286,2025-01,2025-12,True
bracelet for women,58535.0,113513.5,12,0.7314310307725415,2025-01,2025-12,True
earring box,54010.0,130589.0,12,0.7318056971099863,2025-01,2025-12,True
kids necklace for girls,91917.0,174436.0,7,0.7320480264824969,2025-02,2025-12,True
sterling silver anklets for women,38297.0,83387.0,9,0.7321567365140179,2025-01,2025-09,True
large jewelry box,65906.0,107332.5,12,0.7324317752464321,2025-01,2025-12,True
moissanite earrings for women,76015.0,120232.0,11,0.7339560183644953,2025-01,2025-12,True
long necklace,42464.0,70012.5,12,0.7341691078422108,2025-01,2025-12,True
earring stacks,21875.0,27818.0,12,0.7356016250448082,2025-01,2025-12,True
jewelry for men,32910.0,69781.0,12,0.7358660915175053,2025-01,2025-12,True
dainty cross necklace for women,62591.0,157968.5,12,0.7359070616261766,2025-01,2025-12,True
mom necklace,25520.0,112627.5,8,0.7366716780386261,2025-01,2025-12,True
men's cross necklace,90008.0,169214.0,7,0.7371234827121987,2025-02,2025-12,True
ultrasonic jewelry cleaner solution,60527.0,118182.0,12,0.738143813307563,2025-01,2025-12,True
men's necklaces,24648.0,74992.5,12,0.7383259575766824,2025-01,2025-12,True
necklaces for women gold,74512.0,113324.0,12,0.7384668617377372,2025-01,2025-12,True
earring stacks gold,57987.0,77062.5,12,0.7402624248210964,2025-01,2025-12,True
jewelry making charms,76272.0,85875.0,6,0.740291564933792,2025-06,2025-12,True
fire pit ring,36632.0,61423.5,12,0.7406827804276757,2025-01,2025-12,True
gold clip on earrings,91008.0,148229.5,8,0.741411288173533,2025-04,2025-12,True
jaxxon chain for men,38516.0,54848.0,12,0.742395394509992,2025-01,2025-12,True
choker necklace,26900.0,58813.0,12,0.7431758398137102,2025-01,2025-12,True
cross bracelet for women,23739.0,43175.0,12,0.7436789565724279,2025-01,2025-12,True
picture necklace,65696.0,152129.0,9,0.7437766632266037,2025-01,2025-12,True
arm cuffs,40185.0,72265.0,9,0.7443281095504477,2025-03,2025-11,True
crimp beads for jewelry making,86839.0,135412.0,9,0.7447981978182948,2025-02,2025-10,True
ear rings,33466.0,62418.5,12,0.746286402764787,2025-01,2025-12,True
rose gold ring,62690.0,86426.0,12,0.7469247519961287,2025-01,2025-12,True
womens earrings,14202.0,31628.5,12,0.747923427312513,2025-01,2025-12,True
pandora charms gold,82057.0,166356.0,6,0.7483624044512581,2025-01,2025-12,True
lab grown diamond ring,48828.0,73578.0,12,0.7483985365183622,2025-01,2025-12,True
l necklace,77956.0,154310.5,12,0.7503179421632848,2025-01,2025-12,True
bogg bag accessories charm,75007.0,102430.0,8,0.7505348392253106,2025-01,2025-08,True
bridesmaid jewelry set,82646.0,107864.0,11,0.750590524985029,2025-01,2025-11,True
earrings set,64653.0,95812.0,12,0.7513704993007135,2025-01,2025-12,True
gothic rings,84899.0,169791.5,12,0.7517142744082714,2025-01,2025-12,True
turquoise ring,95705.0,127756.5,12,0.7519081513887833,2025-01,2025-12,True
hair cuffs,55292.0,86169.0,11,0.7519591204592456,2025-01,2025-11,True
pavoi earrings hoops,83411.0,101078.0,8,0.7527081946784859,2025-02,2025-10,True
rain chain,5219.0,25400.0,12,0.7532830523513754,2025-01,2025-12,True
championship ring display case,94595.0,143275.5,8,0.7533655253146034,2025-03,2025-12,True
titanium earrings for women,49374.0,76607.0,12,0.7535840120140934,2025-01,2025-12,True
pendant necklace,44082.0,59442.0,12,0.7536855697837082,2025-01,2025-12,True
sterling silver toe rings for women,87751.0,121786.0,6,0.753931678092056,2025-03,2025-08,True
jewelry box for men,41817.0,99050.0,12,0.7539500440404084,2025-01,2025-12,True
m necklace,49053.0,102829.0,12,0.7549839972236146,2025-01,2025-12,True
bracelet maker machine,53174.0,88546.0,7,0.7551352276617597,2025-06,2025-12,True
jewelry travel case,15524.0,25725.5,12,0.7552506941041973,2025-01,2025-12,True
to my son bracelet from mom,60623.0,163765.0,7,0.7553465524471336,2025-02,2025-12,True
lab grown diamond earrings,51781.0,121596.0,12,0.7559155095636717,2025-01,2025-12,True
sterling silver cross necklaces for women,49370.0,94779.5,12,0.7573874067920039,2025-01,2025-12,True
silver chain,13045.0,17478.0,12,0.7579227696404793,2025-01,2025-12,True
cross necklace for women,1003.0,2988.0,12,0.7584605175846052,2025-01,2025-12,True
coach bracelet,52963.0,164251.5,6,0.7587937273823884,2025-02,2025-12,True
gold necklace chain,93636.0,118836.0,12,0.7614223847271965,2025-01,2025-12,True
big gold hoops,96808.0,179740.0,9,0.7626177278456974,2025-02,2025-10,True
bag charm,7055.0,13532.0,12,0.7626445906101157,2025-01,2025-12,True
pearl necklace,5205.0,10354.0,12,0.7631557477359876,2025-01,2025-12,True
chain for men,50653.0,77901.5,12,0.7634026195244343,2025-01,2025-12,True
gold bracelet stack,14561.0,21853.0,12,0.7641005871537868,2025-01,2025-12,True
ring set,45891.0,56490.5,12,0.7644248840997369,2025-01,2025-12,True
birthstone ring,75219.0,148991.0,8,0.7653863187187266,2025-01,2025-12,True
cross bracelet for men,42366.0,80826.5,12,0.7655026690391459,2025-01,2025-12,True
jewelry organizers and storage,1780.0,3066.5,12,0.765850385776585,2025-01,2025-12,True
jelly bracelets,93601.0,122993.0,10,0.7662435616922387,2025-02,2025-11,True
cowgirl earrings,90883.0,120865.0,9,0.7663701327110981,2025-02,2025-10,True
bridesmaid earrings,87275.0,130413.0,10,0.7664001351427445,2025-01,2025-10,True
e necklace,70311.0,135394.0,12,0.7670134195610452,2025-01,2025-12,True
gold belly chain,57419.0,121380.5,8,0.7678972646507122,2025-03,2025-10,True
jewelry armoire,33788.0,54296.5,12,0.7693405136036652,2025-01,2025-12,True
earring making kit,37229.0,41024.0,12,0.7693632366944225,2025-01,2025-12,True
bracelets,2572.0,3643.0,12,0.7701149425287356,2025-01,2025-12,True
rosary bracelet,75226.0,106389.0,12,0.770479836611712,2025-01,2025-12,True
ring dish,23055.0,35495.0,12,0.7714593928186161,2025-01,2025-12,True
large gold hoop earrings,84166.0,93215.0,9,0.7716553307780291,2025-02,2025-10,True
silver waist chain,85252.0,112728.0,8,0.7717624430417427,2025-03,2025-10,True
hello kitty jewelry,50000.0,147378.0,12,0.7722429729590168,2025-01,2025-12,True
huggie earrings,48389.0,56986.0,12,0.7729125037368032,2025-01,2025-12,True
tory burch earrings,87515.0,169112.5,12,0.772970701888311,2025-01,2025-12,True
disco ball earrings,78207.0,136620.0,11,0.7735385584379798,2025-01,2025-12,True
ring security,71680.0,135189.5,12,0.7741020728578049,2025-01,2025-12,True
chunky cross necklace for women,82157.0,147537.0,11,0.7742749754673546,2025-02,2025-12,True
plus size anklets for women big ankles,81938.0,106441.0,6,0.7745706759715381,2025-03,2025-08,True
ring stack,68804.0,96200.5,12,0.7752880921895007,2025-01,2025-12,True
chain locks for inside door,73056.0,116865.0,9,0.7766786724040942,2025-01,2025-09,True
spike bracelet,97236.0,174436.0,7,0.777307523690689,2025-05,2025-12,True
silver earring stack,75815.0,100327.5,12,0.7779798011877918,2025-01,2025-12,True
womens bracelets,19384.0,38002.5,12,0.7801016260162602,2025-01,2025-12,True
earring display for vendors,67199.0,82998.5,12,0.7812109267382966,2025-01,2025-12,True
earring stack,55576.0,71944.0,12,0.7819196022555024,2025-01,2025-12,True
jean chain,75955.0,135385.0,10,0.7821473560861286,2025-03,2025-12,True
cock ring,1461.0,2373.5,12,0.78239608801956,2025-01,2025-12,True
gold bow earrings,51829.0,111333.0,8,0.7830221722194508,2025-01,2025-12,True
small jewelry box,17519.0,37435.0,12,0.7831276901004304,2025-01,2025-12,True
diamond earrings for women,11780.0,24804.0,12,0.7841508228151461,2025-01,2025-12,True
gold bracelet,7191.0,10883.0,12,0.7841578730985337,2025-01,2025-12,True
hoop earrings,8945.0,10568.5,12,0.7845321708242512,2025-01,2025-12,True
bow earrings for women,20460.0,85701.0,12,0.7862548667920731,2025-01,2025-12,True
dermal jewelry,61793.0,82578.0,10,0.7866022325967877,2025-03,2025-12,True
wallet chains for men,43046.0,55149.0,12,0.786798069419959,2025-01,2025-12,True
ring cleaner pen,51186.0,69152.5,12,0.7871268775966762,2025-01,2025-12,True
mother daughter necklace,44671.0,125988.5,12,0.7871836513736635,2025-01,2025-12,True
calmi ring,12424.0,32846.5,12,0.7885033894489332,2025-01,2025-12,True
red earrings,32677.0,43618.5,12,0.7888748177143295,2025-01,2025-12,True
toe rings for women sterling silver,56400.0,70388.0,7,0.7892093106695968,2025-02,2025-08,True
kate spade necklace,95345.0,173116.0,7,0.7897017029044109,2025-04,2025-12,True
bar and chain oil,82984.0,103100.5,12,0.7898458031955717,2025-01,2025-12,True
brighton jewelry for women,49467.0,104958.5,12,0.7901321218214411,2025-01,2025-12,True
beach earrings,65741.0,105829.0,7,0.7913701527614571,2025-02,2025-08,True
personalized necklaces for women,45135.0,96788.5,12,0.7919768839769683,2025-01,2025-12,True
long gold necklace,66884.0,118531.0,11,0.7925056867624384,2025-02,2025-12,True
friendship bracelet beads,64806.0,115403.0,11,0.792859160583399,2025-01,2025-11,True
pearl jewelry set,65170.0,137014.0,7,0.7929205332388054,2025-04,2025-12,True
hula hoops for adults,36652.0,78611.0,12,0.795867985643001,2025-01,2025-12,True
wwe ring,22887.0,36601.5,12,0.7961687244979069,2025-01,2025-12,True
bag charms,1856.0,3402.5,12,0.797205948625507,2025-01,2025-12,True
goth necklace,86046.0,168336.0,11,0.7975002128384131,2025-02,2025-12,True
brooch,48751.0,67280.0,12,0.7981734764542936,2025-01,2025-12,True
cross bracelet,22902.0,38049.5,12,0.7993143459915611,2025-01,2025-12,True
mens chain,23252.0,40266.5,12,0.8025908006510446,2025-01,2025-12,True
flower nail charms,62390.0,86306.0,9,0.8027421427648038,2025-01,2025-09,True
diamond necklace,43483.0,60934.5,12,0.803400063075375,2025-01,2025-12,True
