scene,cluster,n_category_terms,best_rank_min,peak_month,in_hypothesis_dict,rep_terms
nail,charm潮流,38,971,2025-02,False,nail charms | nail charms and gems | christmas nail charms
croc,charm潮流,34,2181,2025-04,False,croc charms | croc charms for girls | croc charms for boys
phone,charm潮流,17,5345,2025-08,False,phone charm | phone charms | phone ring holder
purse,charm潮流,14,3842,2025-12,False,purse charms | best selling purse charms | purse charms for handbags
italian,charm潮流,8,7666,2025-05,False,italian charm bracelet | italian charms | italian charm bracelet charms
keychain,charm潮流,5,20175,2025-08,False,keychain charms | keychain rings | keychain ring
bogg bag,charm潮流,4,5549,2025-06,False,bogg bag charms | bogg bag accessories charm | charms for bogg bag
crocs,charm潮流,4,10504,2025-03,False,crocs charms | crocs charms for women | crocs charms for girls
shoe,charm潮流,4,13956,2025-08,False,shoe charms for sneakers | shoe charms | shoe charms for crocs
clip,charm潮流,4,121311,2025-04,False,clip earrings for women | paper clip necklace | paper clip necklaces for women
stack,charm潮流,3,101468,2025-08,False,gold stack bracelets for women | stack bracelets for women | gold stack bracelets
initial,个性化/定制,21,5937,2025-12,False,initial necklaces for women | initial necklace | initial bracelet
name,个性化/定制,11,7453,2025-12,False,name necklace | name necklaces for women | custom name necklace
letter,个性化/定制,7,19405,2025-01,False,bubble letter necklace gold | letter necklace | letter charms
photo,个性化/定制,4,53972,2025-05,False,graduation tassel photo charm | photo necklace | personalized graduation tassel photo charm with angel wings
bubble letter,个性化/定制,3,19405,2025-01,False,bubble letter necklace gold | bubble letter necklace | bubble letter necklace silver
daughter,关系/身份,15,22969,2025-12,True,mother daughter bracelets | to my daughter necklace | mother daughter necklace
friendship,关系/身份,13,6443,2025-09,True,friendship bracelet kit | friendship bracelets | friendship bracelet string
matching,关系/身份,9,10654,2025-02,True,matching bracelets for couples | matching bracelets | matching rings for couples
couples,关系/身份,7,6532,2025-02,False,couples bracelets | couples rings | couples necklace
teacher,关系/身份,5,19763,2025-08,False,teacher earrings | teacher bracelet | teacher earrings for women
sister,关系/身份,5,59246,2025-12,True,sister bracelet | sister necklace | sister bracelets for women
couple,关系/身份,4,39860,2025-02,True,couple bracelets | totwoo couple bracelet long distance | matching couple bracelets
bff,关系/身份,4,43096,2025-03,False,bff necklace for 2 | bff necklace for 3 | bff bracelets
mama,关系/身份,3,23903,2025-05,False,mama necklace | mama necklaces for women | mama bracelet
wife,关系/身份,3,69039,2025-12,False,to my wife necklace from husband | wife necklace from husband | to my wife necklace
fidget,功能健康/特殊需求,13,4995,2025-12,False,fidget ring | fidget ring women | fidget rings
repellent,功能健康/特殊需求,7,3316,2025-06,False,mosquito repellent bracelets | bug repellent bracelets | cliganic mosquito repellent bracelet
permanent,功能健康/特殊需求,7,13006,2025-02,False,permanent bracelet kit | permanent jewelry starter kit | permanent jewelry
alert,功能健康/特殊需求,6,19260,2025-04,False,medical alert bracelets for women | medical alert bracelets for men | medical alert bracelet
mosquito repellent,功能健康/特殊需求,4,3316,2025-06,False,mosquito repellent bracelets | cliganic mosquito repellent bracelet | mosquito repellent bracelet
calmi,功能健康/特殊需求,4,12424,2025-04,False,calmi ring | calmi ring magnetic | calmi rings for women
medical alert,功能健康/特殊需求,4,19260,2025-04,False,medical alert bracelets for women | medical alert bracelets for men | medical alert bracelet
mosquito,功能健康/特殊需求,4,34823,2025-06,False,mosquito bracelets | mosquito bracelets for adults | mosquito bracelets for kids
anxiety,功能健康/特殊需求,3,11764,2025-12,True,anxiety ring | anxiety rings for women | anxiety rings
chew,功能健康/特殊需求,3,18290,2025-09,False,chew necklaces for sensory kids | sensory chew necklaces | chew necklace
spinner,功能健康/特殊需求,3,52083,2025-12,False,spinner ring | fidget spinner ring | spinner ring women
medical,功能健康/特殊需求,3,57672,2025-09,False,medical bracelet for woman | medical bracelet for men | medical bracelet
heart,动物/自然/motif,35,6187,2025-02,False,heart earrings | heart earrings for women | heart necklace
bow,动物/自然/motif,21,12788,2025-12,False,bow earrings | bow earrings for women | bow necklace
flower,动物/自然/motif,11,28283,2025-04,False,flower earrings | flower earrings for women | flower necklace
cat,动物/自然/motif,11,36213,2025-12,False,cat earrings | cat necklace | cat ring holder
spider,动物/自然/motif,9,12242,2025-10,False,spider rings | spider earrings | spider earrings for women
butterfly,动物/自然/motif,9,31857,2025-12,False,butterfly necklace | butterfly earrings | butterfly necklaces for women
shell,动物/自然/motif,8,17582,2025-06,False,shell necklace | shell earrings | puka shell necklace
dog,动物/自然/motif,8,39933,2025-04,False,dog chain | dog chain for yard | dog necklace
cherry,动物/自然/motif,6,44164,2025-02,False,cherry earrings | coach cherry charm | cherry charm
snake,动物/自然/motif,6,49776,2025-10,False,snake necklace | snake earrings | snake ring
star,动物/自然/motif,5,35129,2025-10,False,star earrings | star necklace | star earrings for women
tree,动物/自然/motif,5,40714,2025-12,False,christmas tree earrings | christmas tree earrings for women | tree ring
moon,动物/自然/motif,5,79216,2025-12,False,moon necklace | moon earrings | sun and moon necklace
starfish,动物/自然/motif,4,9127,2025-07,False,starfish earrings | starfish necklace | gold starfish earrings
snowflake,动物/自然/motif,4,16998,2025-12,False,snowflake earrings | snowflake necklace | snowflake earrings for women
four leaf,动物/自然/motif,3,82311,2025-03,False,four leaf clover necklace | four leaf clover bracelet | four leaf clover earrings
sunflower,动物/自然/motif,3,92798,2025-02,False,sunflower necklaces for women | sunflower necklace | sunflower earrings
dragon,动物/自然/motif,3,100536,2025-12,False,dragon necklace | dragon earrings | dragon ring
cross,宗教灵性/护佑,94,1003,2025-09,False,cross necklace for women | cross necklace for men | cross necklace
lucky,宗教灵性/护佑,16,2586,2025-03,False,lucky charms marshmallows only | lucky charms | lucky charms shirt
clover,宗教灵性/护佑,11,18905,2025-08,False,clover bracelet | clover necklace | clover earrings
evil eye,宗教灵性/护佑,9,10872,2025-07,True,evil eye bracelets | evil eye necklace | evil eye ring
christian,宗教灵性/护佑,9,62290,2025-09,False,christian bracelets | christian jewelry for women | christian bracelets for women
bible verse,宗教灵性/护佑,6,21081,2025-12,False,bible verse bracelets | yappy bracelets bible verse | zox bible verse bracelet
jesus,宗教灵性/护佑,6,32081,2025-10,False,jesus bracelets | ryan and rose jesus bracelet | jesus bracelets for kids
wwjd,宗教灵性/护佑,4,14109,2025-04,False,wwjd bracelets | wwjd bracelets for kids | wwjd bracelets bulk
verse,宗教灵性/护佑,4,21081,2025-12,False,bible verse bracelets | zox bible verse bracelet | daily bible verse bracelet
rosary,宗教灵性/护佑,4,73053,2025-08,False,rosary necklace | rosary bracelet | rosary bracelet for women
leaf clover,宗教灵性/护佑,4,82311,2025-03,False,four leaf clover necklace | four leaf clover bracelet | 4 leaf clover necklace
shamrock,宗教灵性/护佑,3,16808,2025-03,False,shamrock earrings | shamrock necklace | shamrock earrings for women
engagement,未分类(待人工归类),31,3137,2025-02,True,engagement rings for women | engagement ring | engagement ring box
bag,未分类(待人工归类),29,1856,2025-12,False,bag charms | bogg bag charms | bag charm
day,未分类(待人工归类),27,18639,2025-05,True,mothers day jewelry | st patricks day earrings | mothers day necklace
silicone,未分类(待人工归类),21,1719,2025-06,False,silicone rings for her | silicone rings for him | silicone ring
travel,未分类(待人工归类),16,2592,2025-12,False,travel jewelry case | travel jewelry organizer | mini travel jewelry bag
back,未分类(待人工归类),13,3975,2025-02,False,flat back earrings | flat back earrings for women | flat back earrings hypoallergenic
hair,未分类(待人工归类),13,8341,2025-03,False,hair jewelry | gold hair cuffs | hair charms
promise,未分类(待人工归类),12,7677,2025-12,True,promise rings for her | promise ring | promise rings for couples
stackable,未分类(待人工归类),12,24323,2025-04,False,stackable rings for women | stackable bracelets for women | stackable rings
eye,未分类(待人工归类),11,10872,2025-07,True,evil eye bracelets | evil eye necklace | evil eye ring
ear,未分类(待人工归类),11,14690,2025-08,False,ear cuff | ear cuffs non piercing | ear cuffs
hello kitty,未分类(待人工归类),11,35297,2025-01,False,hello kitty nail charms | hello kitty charms | hello kitty croc charms
waterproof,未分类(待人工归类),10,46902,2025-07,False,waterproof jewelry | waterproof jewelry for women gold | waterproof anklets for women
link,未分类(待人工归类),8,13602,2025-04,False,cuban link chain for men | cuban link chain for women | cuban link chain
candy,未分类(待人工归类),7,22775,2025-10,False,candy necklace | candy necklaces | candy bracelets
kitty,未分类(待人工归类),7,42138,2025-01,False,hello kitty charms | hello kitty jewelry | hello kitty necklace
knot,未分类(待人工归类),7,90662,2025-12,False,witches knot ring | knot bracelets for women | witches knot necklace
eagles,未分类(待人工归类),7,98622,2025-02,False,eagles chain | eagles earrings | philadelphia eagles necklace
pirate,未分类(待人工归类),6,18603,2025-10,False,pirate jewelry | pirate necklace | pirate earrings
pull,未分类(待人工归类),6,24637,2025-06,False,ceiling fan pull chain | fan pull chain extension | pull chain light fixture
pride,未分类(待人工归类),6,30600,2025-06,False,pride bracelet | pride earrings | pride bracelets
teething,未分类(待人工归类),6,45484,2025-02,False,teething necklace for baby | amber teething necklace for baby | puppy teething rings
lip,未分类(待人工归类),6,48358,2025-02,False,vertical labret lip jewelry | lip rings | lip ring
book,未分类(待人工归类),6,62046,2025-08,False,my little star book necklace for daughter | book necklace for granddaughter | book earrings
plastic,未分类(待人工归类),6,71384,2025-10,False,plastic chain | plastic earrings | plastic earring backs
african,未分类(待人工归类),6,73185,2025-02,False,african jewelry for women | african jewelry sets for women | african earrings
stitch,未分类(待人工归类),6,82005,2025-05,False,stitch earrings | stitch necklace | stitch bracelet
rotator,未分类(待人工归类),6,86455,2025-02,False,rotator cuff shoulder brace | rotator cuff relief | shoulder ice pack rotator cuff cold therapy
rope,未分类(待人工归类),6,98775,2025-04,False,gold rope chain for men | rope chain for men | rope chain
snow,未分类(待人工归类),5,10995,2025-01,False,snow chains | snow chains for car tires | snow chains for trucks
ice,未分类(待人工归类),5,20641,2025-06,False,dr chilly ice ring | ice ring for neck | neck ice ring
jump,未分类(待人工归类),5,23849,2025-09,False,jump rings | jump rings for jewelry making | jump rings for jewelry
scrolling,未分类(待人工归类),5,24978,2025-12,False,scrolling ring | tiktok scrolling ring | scrolling ring for iphone
pinky,未分类(待人工归类),5,27348,2025-09,False,pinky ring | pinky ring for women | pavoi pinky ring
fall,未分类(待人工归类),5,27964,2025-09,False,fall earrings | fall earrings for women | fall jewelry
magsafe,未分类(待人工归类),5,28393,2025-09,False,magsafe ring | magsafe ring magnet | magsafe ring holder
led,未分类(待人工归类),5,30417,2025-09,False,halloween led rings | halloween led rings for kids | flashing halloween led rings
breast cancer,未分类(待人工归类),5,30576,2025-10,True,breast cancer bracelets | breast cancer awareness bracelets | breast cancer earrings
hematite,未分类(待人工归类),5,32702,2025-10,False,hemios hematite bracelet men | hematite bracelet men | hematite bracelet
hula,未分类(待人工归类),5,33957,2025-02,False,hula hoops for adults weight loss | hula hoops for adults | hula hoops
candle,未分类(待人工归类),5,40629,2025-11,False,christmas candle rings | fall candle rings | candle rings
airtag,未分类(待人工归类),5,41919,2025-08,False,airtag bracelet for kids | waterproof airtag bracelet for kids | airtag necklace for kids
infinity,未分类(待人工归类),5,41972,2025-09,False,infinity necklace | infinity necklace silver | to my man infinity bracelet
friend,未分类(待人工归类),5,42396,2025-12,True,best friend necklace | best friend bracelet | best friend rings
moonstone,未分类(待人工归类),5,42413,2025-02,False,moonstone ring | moonstone necklace | moonstone bracelet
son,未分类(待人工归类),5,55787,2025-12,True,son bracelet from mom | to my son bracelet from mom | to my son bracelet from dad
hug,未分类(待人工归类),5,65730,2025-12,False,hug ring | hug ring for granddaughter | hug necklace for women
scope,未分类(待人工归类),5,66648,2025-11,False,scope rings | 30mm scope rings | vortex scope rings
love,未分类(待人工归类),5,77044,2025-08,False,cartier love bracelet | love bracelet | love ring
skull,未分类(待人工归类),5,82646,2025-10,False,skull earrings | skull ring | skull necklace
class,未分类(待人工归类),5,107381,2025-04,False,class rings for women high school | class rings for women | class ring
marshmallows only,未分类(待人工归类),4,2586,2025-03,False,lucky charms marshmallows only | lucky charms marshmallows only 40 pounds | 40 lb bag lucky charms marshmallows only
rain,未分类(待人工归类),4,5219,2025-05,False,rain chain | rain chains for gutters | rain chains for outside
hypoallergenic,未分类(待人工归类),4,9374,2025-04,False,hypoallergenic earrings for women | hypoallergenic earrings | hypoallergenic earrings for girls
precision,未分类(待人工归类),4,13386,2025-04,False,precision rings ps5 | precision rings xbox | precision rings
crochet,未分类(待人工归类),4,16112,2025-01,False,crochet ring | crochet ring for finger | crochet rings for tension
tungsten,未分类(待人工归类),4,19903,2025-02,False,tungsten rings for men | tungsten rings for women | king will tungsten ring mens
seashell,未分类(待人工归类),4,20994,2025-06,False,seashell necklace | seashell earrings | seashell bracelet
heishi,未分类(待人工归类),4,24276,2025-10,False,cool maker stack d heishi bracelet studio | cool maker stack'd heishi bracelet studio | swift clicks heishi bracelet maker
thumb,未分类(待人工归类),4,26033,2025-02,False,thumb rings for women | thumb ring | thumb rings for women sterling silver
ours,未分类(待人工归类),4,28735,2025-11,False,ours ring gen 4 | ours ring | ours ring gen 4 cover
mood,未分类(待人工归类),4,29217,2025-12,False,mood ring | mood rings for women | mood rings for kids
weight loss,未分类(待人工归类),4,33957,2025-02,False,hula hoops for adults weight loss | calmi rings for women magnetic weight loss | slimming earrings for weight loss
paperclip,未分类(待人工归类),4,43594,2025-05,False,paperclip necklace for women | paperclip necklace | cross pendant paperclip chain necklace
fake,未分类(待人工归类),4,44964,2025-10,False,fake chain | fake chains | fake jewelry
rainbow,未分类(待人工归类),4,45921,2025-06,False,rainbow earrings | rainbow bracelet | rainbow necklace
link fence,未分类(待人工归类),4,47222,2025-03,False,chain link fence | chain link fence privacy screen | chain link fence privacy slats
wooden,未分类(待人工归类),4,47317,2025-12,False,wooden jewelry box | wooden rings for crafts | wooden jewelry boxes
awareness,未分类(待人工归类),4,48065,2025-10,True,breast cancer awareness bracelets | autism awareness bracelet | breast cancer awareness earrings
money,未分类(待人工归类),4,49256,2025-10,False,money chain | gold money chain | money necklace
door,未分类(待人工归类),4,52267,2025-07,False,door chain lock | over the door jewelry organizer | door chain
motorcycle,未分类(待人工归类),4,52604,2025-04,False,motorcycle chain cleaning kit | motorcycle chain lube | motorcycle chain brush
teen,未分类(待人工归类),4,54835,2025-12,False,teen jewelry | teen jewelry box | teen bracelets
december,未分类(待人工归类),4,64691,2025-12,False,december birthstone necklace | december birthstone | december birthstone earrings
picture,未分类(待人工归类),4,65696,2025-12,False,picture necklace | picture necklace personalized photo | picture bracelet
lace,未分类(待人工归类),4,67497,2025-10,False,lace choker | black lace choker | white lace choker
derby,未分类(待人工归类),4,70666,2025-04,False,kentucky derby earrings | derby earrings | kentucky derby earrings for women
paper,未分类(待人工归类),4,73705,2025-11,False,paper chain garland | paper chain strips | christmas paper chain
tie,未分类(待人工归类),4,77707,2025-04,False,hair tie bracelet | hair tie bracelets | klani hair tie bracelets for women
hair tie,未分类(待人工归类),4,77707,2025-04,False,hair tie bracelet | hair tie bracelets | klani hair tie bracelets for women
ball,未分类(待人工归类),4,78207,2025-10,False,disco ball earrings | gold ball earrings | ball chain
sonic,未分类(待人工归类),4,80037,2025-01,False,sonic rings | sonic jewelry cleaner machine | ultra sonic jewelry cleaner machine
cut engagement,未分类(待人工归类),4,80500,2025-03,True,emerald cut engagement ring | princess cut engagement ring | radiant cut engagement rings
michael,未分类(待人工归类),4,80612,2025-09,False,st michael pendant for men | saint michael pendant | st michael necklace
things,未分类(待人工归类),4,84275,2025-12,False,stranger things jewelry | stranger things bracelet | stranger things charms
cowgirl,未分类(待人工归类),4,90883,2025-05,False,cowgirl earrings | cowgirl jewelry | cowgirl jewelry for women western
opalite,未分类(待人工归类),4,91089,2025-10,False,opalite ring | opalite necklace | opalite earrings
nugget,未分类(待人工归类),4,91354,2025-12,False,gold nugget earrings | nugget earrings | nugget ring
school,未分类(待人工归类),4,91576,2025-08,False,first day of school bracelet | back to school bracelets | back to school bracelet mommy and me
filled,未分类(待人工归类),4,103910,2025-02,False,gold filled ring | gold filled earrings | gold filled bracelet
fan,未分类(待人工归类),4,105626,2025-06,False,fan necklace portable | fan chains extensions | ceiling fan chain extenders
philadelphia eagles,未分类(待人工归类),4,109160,2025-02,False,philadelphia eagles necklace | philadelphia eagles earrings | philadelphia eagles super bowl ring
tassel,未分类(待人工归类),4,112622,2025-05,False,2025 tassel charm | graduation memorial tassel charm | tassel earrings
colorful,未分类(待人工归类),4,114678,2025-06,False,colorful necklace for women | colorful earrings for women | colorful earrings
snoopy,未分类(待人工归类),4,123684,2025-12,False,snoopy necklace | snoopy earrings | snoopy jewelry
wrist,未分类(待人工归类),4,126077,2025-03,False,blood pressure wrist cuff | fur wrist cuff | wrist cuffs gym
sticker,未分类(待人工归类),4,134149,2025-12,False,sticker earrings | sticker earrings for girls | sticker bracelet
safety,未分类(待人工归类),4,141663,2025-11,False,invisawear safety jewelry | trailer safety chains | trailer safety chains with hooks
droopy ears,未分类(待人工归类),3,12920,2025-12,False,earring backs for droopy ears | earring backs droopy ears | earring lifters for droopy ears
wallet,未分类(待人工归类),3,14252,2025-08,False,wallet chain | wallet chains for men | wallet chains
touch,未分类(待人工归类),3,14341,2025-01,False,long distance touch bracelets | touch bracelets for couples | bond touch bracelet
grinch,未分类(待人工归类),3,14635,2025-12,False,grinch earrings | grinch earrings for women | grinch jewelry
cabinet standing,未分类(待人工归类),3,18935,2025-12,False,mirror jewelry cabinet standing | jewelry armoire cabinet standing | jewelry cabinet standing
urn,未分类(待人工归类),3,19290,2025-03,False,urn necklaces for ashes | urn necklace | urn necklaces for ashes for women
backpack,未分类(待人工归类),3,23282,2025-08,False,backpack charms | backpack charms for girls | backpack charm
kirk,未分类(待人工归类),3,23379,2025-09,False,charlie kirk bracelet | charlie kirk bracelets | we are charlie kirk bracelet
charlie kirk,未分类(待人工归类),3,23379,2025-09,False,charlie kirk bracelet | charlie kirk bracelets | we are charlie kirk bracelet
kindle,未分类(待人工归类),3,24021,2025-12,False,kindle charms | kindle charm | kindle charm chain
ceiling fan,未分类(待人工归类),3,24637,2025-06,False,ceiling fan pull chain | ceiling fan pull chain extender | ceiling fan chain extenders
fan pull,未分类(待人工归类),3,24637,2025-06,False,ceiling fan pull chain | fan pull chain extension | ceiling fan pull chain extender
pumpkin,未分类(待人工归类),3,24800,2025-10,False,pumpkin earrings | pumpkin earrings for women | pumpkin necklace
loom,未分类(待人工归类),3,26145,2025-11,False,loom bracelet kit | rainbow loom wrapit loom bracelet maker | rainbow loom bracelet kit
yurman,未分类(待人工归类),3,28033,2025-12,False,david yurman bracelet | david yurman bracelets for women | david yurman ring
david yurman,未分类(待人工归类),3,28033,2025-12,False,david yurman bracelet | david yurman bracelets for women | david yurman ring
lily,未分类(待人工归类),3,28492,2025-12,False,mint and lily jewelry | mint and lily bracelets | mint and lily bracelets for women
holiday,未分类(待人工归类),3,28729,2025-12,False,holiday earrings | holiday earrings for women | holiday jewelry
index cards,未分类(待人工归类),3,30553,2025-08,False,index cards with ring | rings for index cards | metal rings for index cards
cancer,未分类(待人工归类),3,30576,2025-10,True,breast cancer bracelets | breast cancer earrings | breast cancer earrings for women
cremation,未分类(待人工归类),3,32319,2025-02,True,cremation jewelry for ashes | cremation necklace for ashes | cremation jewelry
hanging,未分类(待人工归类),3,35352,2025-01,False,hanging jewelry organizer | hanging jewelry organizer for closet | hanging jewelry organizers
cane,未分类(待人工归类),3,36668,2025-12,False,candy cane earrings | candy cane earrings for women | candy cane necklace
candy cane,未分类(待人工归类),3,36668,2025-12,False,candy cane earrings | candy cane earrings for women | candy cane necklace
ora,未分类(待人工归类),3,36840,2025-11,False,ora rings for women | ora ring | ora rings for men
scarf,未分类(待人工归类),3,37233,2025-09,False,scarf necklace | scarf ring | scarf necklace with charm
bat,未分类(待人工归类),3,37952,2025-10,True,bat earrings | bat necklace | bat earrings for women
jaxxon,未分类(待人工归类),3,38516,2025-05,False,jaxxon chain for men | jaxxon chains | jaxxon chain
wine,未分类(待人工归类),3,40670,2025-12,False,wine charms | wine charms for stem glasses | christmas wine charms
code,未分类(待人工归类),3,42336,2025-12,False,morse code bracelets for women | morse code necklace | morse code bracelets
morse code,未分类(待人工归类),3,42336,2025-12,False,morse code bracelets for women | morse code necklace | morse code bracelets
nasal diffuser,未分类(待人工归类),3,43606,2025-04,False,essence nasal diffuser ring | nasal diffuser nose ring | essence ring nasal diffuser
galaxy,未分类(待人工归类),3,44130,2025-02,False,galaxy ring | samsung galaxy ring | galaxy ring men
pin,未分类(待人工归类),3,44915,2025-02,False,safety pin necklace | safety pin earrings | cheer pin charms
tension,未分类(待人工归类),3,45379,2025-01,False,crochet tension ring | tension rings for crocheting | crochet tension ring for finger
second,未分类(待人工归类),3,46644,2025-09,False,god is first i am second bracelet | i am second bracelet | god first i am second bracelet
seven,未分类(待人工归类),3,47008,2025-11,False,the seven rings nora roberts book 3 | the seven rings | seven rings nora roberts 2025
years,未分类(待人工归类),3,47237,2025-12,False,new years earrings | new years earrings for women | new years necklace
resin,未分类(待人工归类),3,47511,2025-03,False,resin charms | christmas resin charms | resin jewelry making kit
pencil,未分类(待人工归类),3,47829,2025-05,False,pencil charms | pencil charms for kids bulk | betsey johnson pencil bracelet
lab grown,未分类(待人工归类),3,48828,2025-12,False,lab grown diamond ring | lab grown diamond earrings | lab grown diamond necklace
hope,未分类(待人工归类),3,49756,2025-11,False,hope rings | hope rings for granddaughter | hope rings for women
enso,未分类(待人工归类),3,51397,2025-02,False,enso rings for women | enso rings | enso rings mens
seed,未分类(待人工归类),3,52083,2025-12,False,mustard seed necklace | mustard seed necklace for women | mustard seed jewelry
mustard seed,未分类(待人工归类),3,52083,2025-12,False,mustard seed necklace | mustard seed necklace for women | mustard seed jewelry
bell,未分类(待人工归类),3,52652,2025-12,False,jingle bell necklace | jingle bell bracelets | christmas bell necklace
stacking,未分类(待人工归类),3,53190,2025-11,False,stacking rings | stacking rings baby toy | gold stacking rings
wrestling,未分类(待人工归类),3,53657,2025-12,False,wwe wrestling ring | wrestling ring | wrestling ring for action figures
hog,未分类(待人工归类),3,53990,2025-04,False,hog ring pliers | hog rings | hog ring pliers kit
sign,未分类(待人工归类),3,54702,2025-10,False,peace sign necklace | dollar sign chain | peace sign earrings
orange,未分类(待人工归类),3,54918,2025-09,False,orange earrings | orange earrings for women | orange necklace
strawberry,未分类(待人工归类),3,55136,2025-10,False,strawberry earrings | strawberry necklace | strawberry jewelry
wicked,未分类(待人工归类),3,55959,2025-11,False,wicked earrings | wicked bracelets | wicked jewelry
bug,未分类(待人工归类),3,57300,2025-06,False,bug bracelets repellent adult | bug bracelets repellent kids | bug bracelets
head,未分类(待人工归类),3,57541,2025-10,False,head chain | gold head chain | head jewelry for women
pool,未分类(待人工归类),3,58153,2025-06,False,pool rings | inflatable pool ring | pool rings for kids diving
tymo,未分类(待人工归类),3,58542,2025-04,False,tymo ring plus | tymo ring plus hair straightener comb | tymo ring
kindergarten,未分类(待人工归类),3,61173,2025-08,False,kindergarten bracelet mommy and me | first day of kindergarten bracelet | kindergarten bracelet
screw back,未分类(待人工归类),3,63858,2025-02,False,screw back earrings for women | screw back earrings for girls | screw back earrings
glue,未分类(待人工归类),3,64385,2025-09,False,glue rings | glue rings for eyelash extensions | lash glue rings
tulip,未分类(待人工归类),3,66667,2025-01,False,tulip rings for women | tulip ring | tulip rings
crucifix,未分类(待人工归类),3,67980,2025-09,False,crucifix necklace men | crucifix necklace women | crucifix necklace
tag,未分类(待人工归类),3,70974,2025-10,False,dog tag necklace | dog tag chain | air tag bracelet
teardrop,未分类(待人工归类),3,71037,2025-04,False,teardrop earrings for women | teardrop earrings | gold teardrop earrings for women
free,未分类(待人工归类),3,72545,2025-08,True,breathe free necklace | nickel free earrings for women | breath free necklace
accessories,未分类(待人工归类),3,75007,2025-05,False,bogg bag accessories charm | bag accessories charms | stanley cup accessories charms
jean,未分类(待人工归类),3,75955,2025-08,False,jean chain | jean chains | jean chains for men
heavy duty,未分类(待人工归类),3,76565,2025-04,False,d rings heavy duty | key rings heavy duty | ring bender tool for spoon rings heavy duty
david,未分类(待人工归类),3,80131,2025-12,False,star of david necklace | star of david necklace for women | star of david necklace for men
dangling,未分类(待人工归类),3,81364,2025-12,False,dangling earrings for women | gold dangling earrings | dangling earrings
stun,未分类(待人工归类),3,82019,2025-04,False,"instastrike extreme 28,000,000 suptruck knuckle stun ring | stun ring | knuckle stun ring"
alexandrite,未分类(待人工归类),3,83354,2025-06,False,alexandrite ring | alexandrite necklace | alexandrite earrings
breathing,未分类(待人工归类),3,85242,2025-09,False,breathing necklace | breathing necklace to quit smoking | komuso breathing necklace
stacked,未分类(待人工归类),3,85622,2025-06,False,stacked necklaces for women | stacked bracelets for women | gold stacked necklaces for women
potter,未分类(待人工归类),3,87064,2025-12,False,harry potter jewelry | harry potter earrings | harry potter necklace
harry potter,未分类(待人工归类),3,87064,2025-12,False,harry potter jewelry | harry potter earrings | harry potter necklace
burch,未分类(待人工归类),3,87515,2025-12,False,tory burch earrings | tory burch earrings for women | tory burch bracelet
tory burch,未分类(待人工归类),3,87515,2025-12,False,tory burch earrings | tory burch earrings for women | tory burch bracelet
first day,未分类(待人工归类),3,91576,2025-08,True,first day of school bracelet | first day of kindergarten bracelet | first day of school bracelet girl
baby,未分类(待人工归类),3,92275,2025-03,False,baby bracelets for infant girls | baby earrings | baby bracelet
carnelian,未分类(待人工归类),3,92982,2025-01,False,carnelian ring | carnelian necklace | carnelian bracelet
vayro,未分类(待人工归类),3,93836,2025-10,False,vayro ring original magnetic wellness ring | vayro ring for women | vayro ring
christopher,未分类(待人工归类),3,98995,2025-12,False,st christopher necklace | st christopher necklace mens | saint christopher necklace
chandelier,未分类(待人工归类),3,99533,2025-09,False,chandelier earrings | chandelier earrings for women | gold chandelier earrings
august,未分类(待人工归类),3,99619,2025-08,False,august birthstone jewelry | august birthstone necklace | august birthstone
thigh,未分类(待人工归类),3,99781,2025-02,False,thigh chain | thigh chain jewelry for women | thigh jewelry for women
flex,未分类(待人工归类),3,103057,2025-06,False,givenchy flex bracelet | flex cuffs law enforcement | flex cuffs
emo,未分类(待人工归类),3,104393,2025-10,False,emo bracelets | emo jewelry | emo necklace
signet,未分类(待人工归类),3,104769,2025-09,False,signet ring | signet rings for women | signet rings for men
conch,未分类(待人工归类),3,115019,2025-01,False,conch earrings for women | conch earring | conch jewelry
chainsaw,未分类(待人工归类),3,122519,2025-04,False,chainsaw chain | chainsaw chain sharpener | stihl chainsaw chain
hearts,未分类(待人工归类),3,125382,2025-07,False,chrome hearts necklace | queen of hearts earrings | queen of hearts necklace
velvet,未分类(待人工归类),3,131258,2025-07,False,velvet ring box | velvet jewelry box | velvet jewelry pouches
wall mounted,未分类(待人工归类),3,137106,2025-01,False,wall mounted jewelry organizer | wall jewelry organizer wall mounted | wall mounted jewelry cabinet
obsidian,未分类(待人工归类),3,156488,2025-09,False,obsidian necklace | obsidian bracelet | black obsidian ring
shark,未分类(待人工归类),3,159987,2025-07,False,shark earrings | shark necklace | shark bracelet
christmas,节日/场合,43,1210,2025-12,False,christmas earrings | christmas earrings for women | christmas necklace
wedding,节日/场合,38,6940,2025-02,False,wedding rings for women | wedding ring | womens silicone wedding ring
halloween,节日/场合,28,2191,2025-10,False,halloween earrings | halloween earrings for women | halloween bracelets
prom,节日/场合,17,9641,2025-04,False,prom jewelry | gold prom jewelry | silver prom jewelry
july,节日/场合,13,12077,2025-06,False,4th of july earrings | 4th of july earrings for women | fourth of july earrings
mothers day,节日/场合,12,18639,2025-05,True,mothers day jewelry | mothers day necklace | mothers day bracelet
graduation,节日/场合,12,60514,2025-05,True,graduation necklace class of 2025 | graduation bracelet 2025 | graduation bracelet
valentines,节日/场合,9,13376,2025-02,False,valentines earrings | valentines earrings for women | valentines bracelets
mardi gras,节日/场合,8,7904,2025-02,False,mardi gras earrings | mardi gras earrings for women | mardi gras beads necklaces
easter,节日/场合,8,12532,2025-04,False,easter earrings | easter earrings for women | easter bracelets for kids
patricks day,节日/场合,8,19542,2025-03,True,st patricks day earrings | st patricks day necklaces | st patricks day earrings for women
valentine,节日/场合,8,19903,2025-01,False,valentine earrings for women | valentine earrings | valentine bracelets
valentines day,节日/场合,8,25391,2025-01,True,valentines day earrings | valentines day necklace | valentines day earrings for women
gras,节日/场合,7,7904,2025-02,False,mardi gras earrings | mardi gras earrings for women | mardi gras jewelry for women
advent calendar,节日/场合,7,23299,2025-11,False,jewelry advent calendar 2025 | jewelry advent calendar | advent calendar jewelry
christmas tree,节日/场合,5,40714,2025-12,False,christmas tree earrings | christmas tree earrings for women | christmas tree lights with ring
bridal,节日/场合,5,71471,2025-09,False,bridal earrings | bridal jewelry | bridal jewelry set for wedding
mothers,节日/场合,4,40662,2025-12,False,mothers ring | mothers necklace | mothers rings with 3 birthstones
thanksgiving,节日/场合,3,13407,2025-11,False,thanksgiving earrings | thanksgiving earrings for women | thanksgiving jewelry for women
halloween led,节日/场合,3,30417,2025-09,False,halloween led rings | halloween led rings for kids | flashing halloween led rings
bridesmaid,节日/场合,3,82646,2025-09,False,bridesmaid jewelry set | bridesmaid earrings | bridesmaid jewelry
nose,身体珠宝/穿孔,77,761,2025-03,False,nose rings | nose rings for women | fake nose ring
piercing,身体珠宝/穿孔,31,6893,2025-03,False,nipple piercing jewelry | tragus piercing jewelry | industrial piercing jewelry
button,身体珠宝/穿孔,24,1357,2025-06,False,belly button ring | gold belly button ring | dangle belly button rings
belly button,身体珠宝/穿孔,24,1357,2025-06,False,belly button ring | gold belly button ring | dangle belly button rings
arm,身体珠宝/穿孔,24,7655,2025-07,False,arm cuff | gold arm cuff | silver arm cuff
hand,身体珠宝/穿孔,17,7016,2025-07,False,hand chain | hand chain bracelet | sex hand cuff bracelets
toe,身体珠宝/穿孔,14,4481,2025-06,False,toe rings for women | toe rings | toe ring
flat back,身体珠宝/穿孔,11,3975,2025-02,False,flat back earrings | flat back earrings for women | flat back earrings hypoallergenic
septum,身体珠宝/穿孔,11,4976,2025-02,False,septum rings | septum jewelry | gold septum ring
belly,身体珠宝/穿孔,10,12502,2025-06,False,belly chain | belly rings | belly ring
waist,身体珠宝/穿孔,9,10573,2025-10,False,waist chain | gold waist chain | waist chains for women
body,身体珠宝/穿孔,9,21827,2025-06,False,body chain | body chain jewelry for women | gold body chain
nipple,身体珠宝/穿孔,8,22538,2025-02,False,nipple rings | nipple rings surgical steel | nipple jewelry non piercing
cuban link,身体珠宝/穿孔,7,13602,2025-04,False,cuban link chain for men | cuban link chain for women | cuban link chain
upper arm,身体珠宝/穿孔,7,50325,2025-07,False,arm bracelet upper arm | arm jewelry upper arm | bp cuff automatic upper arm
helix,身体珠宝/穿孔,6,46547,2025-09,False,helix earrings | helix earrings for women | hidden helix jewelry
cartilage,身体珠宝/穿孔,5,6616,2025-02,False,cartilage earrings for women | cartilage earring | cartilage earrings
tongue,身体珠宝/穿孔,4,17532,2025-02,False,tongue rings | tongue rings for women | tongue ring
clear nose,身体珠宝/穿孔,3,21149,2025-08,False,clear nose studs | clear nose rings | clear nose ring
tragus,身体珠宝/穿孔,3,41062,2025-01,False,tragus earrings for women | tragus jewelry | tragus earring
gauge nose,身体珠宝/穿孔,3,83410,2025-09,False,18 gauge nose ring | 20 gauge nose ring | 22 gauge nose ring
baseball,运动/兴趣,15,7558,2025-04,False,baseball necklaces for boys | baseball necklace | baseball earrings
tennis,运动/兴趣,13,9843,2025-12,False,tennis bracelets for women | tennis bracelet | tennis necklaces for women
football,运动/兴趣,13,16216,2025-09,False,football earrings | fantasy football ring | football earrings for women
basketball,运动/兴趣,9,82020,2025-03,False,in ground basketball hoops outdoor | basketball necklace | basketball hoops
softball,运动/兴趣,6,89983,2025-04,False,softball necklace | softball necklace for girls | softball earrings
fantasy football,运动/兴趣,5,24216,2025-12,False,fantasy football ring | fantasy football ring 2025 | 2025 fantasy football ring
volleyball,运动/兴趣,4,63322,2025-12,False,volleyball necklace | kendra scott volleyball necklace | volleyball earrings
soccer,运动/兴趣,4,143046,2025-09,False,soccer earrings | soccer necklace | soccer bracelets
cheer,运动/兴趣,3,130968,2025-11,False,kendra scott cheer necklace | cheer necklace | cheer bracelets
western,风格/审美/亚文化,10,11102,2025-07,False,western jewelry for women | western jewelry | western necklaces for women
gothic,风格/审美/亚文化,10,22651,2025-10,False,gothic jewelry | gothic necklace | gothic earrings
beach,风格/审美/亚文化,9,26757,2025-06,False,best selling beach jewelry | beach jewelry for women | beach jewelry
indian,风格/审美/亚文化,8,24538,2025-10,False,indian jewelry sets for women | indian jewelry | oxidized indian jewelry set
vampire,风格/审美/亚文化,7,22542,2025-10,False,vampire necklace | vampire jewelry | vampire earrings
summer,风格/审美/亚文化,7,34788,2025-06,False,summer jewelry | summer earrings | summer necklace
leather,风格/审美/亚文化,7,56897,2025-12,False,leather bracelet for men | mens leather bracelet | leather necklace cord
goth,风格/审美/亚文化,7,79096,2025-09,False,goth jewelry | goth earrings | goth necklace
rhinestone,风格/审美/亚文化,7,86888,2025-09,False,rhinestone earrings | rhinestone necklace for women | rhinestone necklace
witch,风格/审美/亚文化,5,49607,2025-10,False,witch earrings | witch jewelry | witch necklace
mermaid,风格/审美/亚文化,3,61063,2025-10,False,mermaid jewelry | mermaid necklace | mermaid earrings
fairy,风格/审美/亚文化,3,114574,2025-10,False,fairy jewelry | fairy earrings | fairy necklace
